Date,Open,High,Low,Close,Volume,Open_Interest
2015-01-02 00:00:00-05:00,1184.0,1194.5,1169.5,1186.0,138.0,0.0
2015-01-05 00:00:00-05:00,1180.300049,1206.900024,1180.099976,1203.900024,470.0,0.0
2015-01-06 00:00:00-05:00,1203.5,1220.0,1203.5,1219.300049,97.0,0.0
2015-01-07 00:00:00-05:00,1219.199951,1219.199951,1210.599976,1210.599976,29.0,0.0
2015-01-08 00:00:00-05:00,1207.0,1215.699951,1206.300049,1208.400024,92.0,0.0
2015-01-09 00:00:00-05:00,1211.099976,1220.199951,1210.300049,1216.0,43.0,0.0
2015-01-12 00:00:00-05:00,1224.199951,1234.400024,1219.099976,1232.699951,100.0,0.0
2015-01-13 00:00:00-05:00,1239.199951,1239.300049,1230.300049,1234.300049,20.0,0.0
2015-01-14 00:00:00-05:00,1229.599976,1243.800049,1225.599976,1234.400024,21.0,0.0
2015-01-15 00:00:00-05:00,1231.5,1265.0,1227.300049,1264.699951,130.0,0.0
2015-01-16 00:00:00-05:00,1256.099976,1279.699951,1256.099976,1276.900024,44.0,0.0
2015-01-20 00:00:00-05:00,1278.900024,1297.300049,1273.800049,1294.199951,157.0,0.0
2015-01-21 00:00:00-05:00,1295.199951,1303.5,1286.699951,1293.699951,78.0,0.0
2015-01-22 00:00:00-05:00,1293.199951,1302.099976,1283.5,1300.699951,131.0,0.0
2015-01-23 00:00:00-05:00,1299.800049,1299.800049,1292.599976,1292.599976,23.0,0.0
2015-01-26 00:00:00-05:00,1289.5,1290.599976,1279.400024,1279.400024,26.0,0.0
2015-01-27 00:00:00-05:00,1277.199951,1291.699951,1277.199951,1291.699951,20.0,0.0
2015-01-28 00:00:00-05:00,1285.900024,1286.800049,1285.900024,1285.900024,51408.4,0.0
2015-01-29 00:00:00-05:00,1283.300049,1285.400024,1251.0,1254.599976,52663.6,0.0
2015-01-30 00:00:00-05:00,1258.0,1284.300049,1257.0,1278.5,8626.0,0.0
2015-02-02 00:00:00-05:00,1284.099976,1284.099976,1266.0,1276.199951,1654.0,0.0
2015-02-03 00:00:00-05:00,1273.5,1284.699951,1255.300049,1259.699951,2380.0,0.0
2015-02-04 00:00:00-05:00,1262.0,1271.599976,1256.800049,1263.800049,668.0,0.0
2015-02-05 00:00:00-05:00,1271.800049,1272.599976,1257.800049,1262.0,133.0,0.0
2015-02-06 00:00:00-05:00,1265.0,1267.599976,1228.0,1233.900024,432.0,0.0
2015-02-09 00:00:00-05:00,1237.5,1242.300049,1235.400024,1240.800049,319.0,0.0
2015-02-10 00:00:00-05:00,1237.5,1245.0,1231.199951,1231.599976,231.0,0.0
2015-02-11 00:00:00-05:00,1233.300049,1237.400024,1219.0,1219.0,102.0,0.0
2015-02-12 00:00:00-05:00,1217.900024,1229.800049,1217.900024,1220.099976,99.0,0.0
2015-02-13 00:00:00-05:00,1222.199951,1232.800049,1222.199951,1226.5,65.0,0.0
2015-02-17 00:00:00-05:00,1227.699951,1234.0,1203.0,1208.099976,204.0,0.0
2015-02-18 00:00:00-05:00,1207.099976,1210.199951,1197.800049,1199.699951,147.0,0.0
2015-02-19 00:00:00-05:00,1216.5,1220.0,1205.0,1207.099976,65.0,0.0
2015-02-20 00:00:00-05:00,1206.5,1213.099976,1199.099976,1204.400024,51.0,0.0
2015-02-23 00:00:00-05:00,1201.300049,1203.300049,1191.599976,1200.300049,268.0,0.0
2015-02-24 00:00:00-05:00,1203.400024,1203.5,1193.800049,1196.900024,151.0,0.0
2015-02-25 00:00:00-05:00,1204.300049,1204.599976,1201.0,1201.0,570.0,0.0
2015-02-26 00:00:00-05:00,1204.800049,1219.0,1204.800049,1209.599976,560.0,0.0
2015-02-27 00:00:00-05:00,1207.699951,1217.800049,1204.5,1212.599976,195.0,0.0
2015-03-02 00:00:00-05:00,1214.300049,1222.699951,1204.900024,1207.699951,124.0,0.0
2015-03-03 00:00:00-05:00,1201.5,1212.0,1195.0,1204.0,51.0,0.0
2015-03-04 00:00:00-05:00,1204.800049,1206.900024,1198.0,1200.599976,27.0,0.0
2015-03-05 00:00:00-05:00,1201.699951,1205.400024,1195.900024,1195.900024,29.0,0.0
2015-03-06 00:00:00-05:00,1195.0,1195.699951,1163.699951,1164.099976,168.0,0.0
2015-11-02 00:00:00-05:00,1137.900024,1138.699951,1132.599976,1135.800049,180.0,0.0
2015-11-03 00:00:00-05:00,1133.300049,1134.699951,1114.199951,1114.199951,185.0,0.0
2015-11-04 00:00:00-05:00,1119.0,1121.900024,1106.5,1106.5,141.0,0.0
2015-11-05 00:00:00-05:00,1107.900024,1110.699951,1104.400024,1104.400024,84.0,0.0
2015-11-06 00:00:00-05:00,1105.199951,1109.5,1084.800049,1087.599976,78.0,0.0
2015-11-09 00:00:00-05:00,1088.599976,1088.599976,1087.900024,1087.900024,5.0,0.0
2015-11-10 00:00:00-05:00,1090.099976,1091.300049,1085.0,1088.199951,18.0,0.0
2015-11-11 00:00:00-05:00,1091.400024,1091.400024,1084.199951,1084.699951,15.0,0.0
2015-11-12 00:00:00-05:00,1086.0,1086.599976,1080.800049,1080.800049,4.0,0.0
2015-11-13 00:00:00-05:00,1083.099976,1085.900024,1080.800049,1080.800049,23.0,0.0
2015-11-16 00:00:00-05:00,1092.0,1092.400024,1083.699951,1083.699951,11.0,0.0
2015-11-17 00:00:00-05:00,1075.5,1075.800049,1065.099976,1068.699951,6.0,0.0
2015-11-18 00:00:00-05:00,1064.0,1071.900024,1064.0,1068.800049,5.0,0.0
2015-11-19 00:00:00-05:00,1077.400024,1082.400024,1077.400024,1078.0,10.0,0.0
2015-11-20 00:00:00-05:00,1082.900024,1082.900024,1076.400024,1076.400024,5.0,0.0
2015-11-23 00:00:00-05:00,1070.0,1071.5,1066.800049,1066.800049,57.0,0.0
2015-11-24 00:00:00-05:00,1073.199951,1079.400024,1073.199951,1074.300049,222.0,0.0
2015-11-25 00:00:00-05:00,1070.199951,1072.0,1068.5,1070.5,60294.3,0.0
2015-11-27 00:00:00-05:00,1070.699951,1074.199951,1051.099976,1056.199951,52133.0,0.0
2015-11-30 00:00:00-05:00,1056.5,1068.400024,1052.099976,1065.800049,4601.0,0.0
2015-12-01 00:00:00-05:00,1064.599976,1074.599976,1063.400024,1063.800049,3441.0,0.0
2015-12-02 00:00:00-05:00,1068.699951,1069.5,1049.599976,1054.199951,503.0,0.0
2015-12-03 00:00:00-05:00,1054.400024,1064.599976,1046.199951,1061.699951,1161.0,0.0
2015-12-04 00:00:00-05:00,1063.0,1088.800049,1058.699951,1084.5,889.0,0.0
2015-12-07 00:00:00-05:00,1084.900024,1086.5,1067.400024,1076.400024,656.0,0.0
2015-12-08 00:00:00-05:00,1071.0,1078.400024,1069.599976,1076.300049,306.0,0.0
2015-12-09 00:00:00-05:00,1075.099976,1086.0,1070.599976,1077.599976,386.0,0.0
2015-12-10 00:00:00-05:00,1073.0,1076.300049,1071.699951,1073.099976,226.0,0.0
2015-12-11 00:00:00-05:00,1067.800049,1079.400024,1064.400024,1076.900024,410.0,0.0
2015-12-14 00:00:00-05:00,1074.0,1076.699951,1060.0,1064.699951,509.0,0.0
2015-12-15 00:00:00-05:00,1064.599976,1066.199951,1061.800049,1062.900024,220.0,0.0
2015-12-16 00:00:00-05:00,1064.800049,1078.699951,1064.300049,1078.0,81.0,0.0
2015-12-17 00:00:00-05:00,1072.599976,1072.599976,1050.5,1050.800049,56.0,0.0
2015-12-18 00:00:00-05:00,1053.699951,1070.300049,1052.699951,1066.199951,253.0,0.0
2015-12-21 00:00:00-05:00,1070.199951,1081.900024,1070.199951,1081.900024,26.0,0.0
2015-12-22 00:00:00-05:00,1078.599976,1078.599976,1073.800049,1074.800049,106.0,0.0
2015-12-23 00:00:00-05:00,1074.5,1074.800049,1069.400024,1069.400024,202.0,0.0
2015-12-24 00:00:00-05:00,1074.300049,1077.800049,1073.5,1077.199951,24.0,0.0
2015-12-28 00:00:00-05:00,1077.900024,1098.800049,1070.5,1070.5,361.0,0.0
2015-12-29 00:00:00-05:00,1079.099976,1079.699951,1077.5,1077.5,252.0,0.0
2015-12-30 00:00:00-05:00,1068.599976,1070.199951,1059.699951,1060.099976,71.0,0.0
2015-12-31 00:00:00-05:00,1061.900024,1062.0,1058.5,1060.300049,10.0,0.0
2016-01-04 00:00:00-05:00,1063.400024,1082.5,1063.199951,1075.099976,143.0,0.0
2016-01-05 00:00:00-05:00,1075.599976,1081.5,1075.300049,1078.400024,82.0,0.0
2016-01-06 00:00:00-05:00,1081.599976,1093.699951,1081.599976,1091.900024,52.0,0.0
2016-01-07 00:00:00-05:00,1091.599976,1109.400024,1091.599976,1107.699951,122.0,0.0
2016-01-08 00:00:00-05:00,1111.099976,1111.099976,1093.0,1097.800049,98.0,0.0
2016-01-11 00:00:00-05:00,1105.699951,1107.900024,1096.5,1096.5,43.0,0.0
2016-01-12 00:00:00-05:00,1093.800049,1098.5,1084.0,1085.599976,87.0,0.0
2016-01-13 00:00:00-05:00,1081.5,1093.900024,1081.5,1087.5,50.0,0.0
2016-01-14 00:00:00-05:00,1091.5,1091.5,1073.699951,1073.900024,59.0,0.0
2016-01-15 00:00:00-05:00,1085.0,1095.800049,1081.800049,1091.5,44.0,0.0
2016-01-19 00:00:00-05:00,1089.800049,1094.400024,1084.900024,1089.900024,17.0,0.0
2016-01-20 00:00:00-05:00,1099.800049,1109.800049,1099.800049,1107.099976,30.0,0.0
2016-01-21 00:00:00-05:00,1103.599976,1103.599976,1094.099976,1099.099976,16.0,0.0
2016-01-22 00:00:00-05:00,1098.0,1103.199951,1097.199951,1097.199951,4.0,0.0
2016-01-25 00:00:00-05:00,1099.300049,1109.300049,1099.300049,1106.199951,8.0,0.0
2016-01-26 00:00:00-05:00,1115.099976,1121.699951,1114.300049,1121.699951,181.0,0.0
2016-01-27 00:00:00-05:00,1117.800049,1117.800049,1115.800049,1116.099976,45742.2,0.0
2016-01-28 00:00:00-05:00,1125.400024,1125.699951,1109.800049,1115.599976,52861.0,0.0
2016-01-29 00:00:00-05:00,1114.400024,1118.599976,1108.800049,1116.400024,6955.0,0.0
2016-02-01 00:00:00-05:00,1116.699951,1130.0,1115.300049,1127.900024,1682.0,0.0
2016-02-02 00:00:00-05:00,1128.300049,1131.400024,1123.0,1127.300049,1230.0,0.0
2016-02-03 00:00:00-05:00,1128.5,1146.0,1125.0,1141.300049,1630.0,0.0
2016-02-04 00:00:00-05:00,1142.5,1157.599976,1141.0,1157.599976,771.0,0.0
2016-02-05 00:00:00-05:00,1155.599976,1174.800049,1146.0,1157.800049,877.0,0.0
2016-02-08 00:00:00-05:00,1173.5,1200.400024,1165.0,1197.900024,931.0,0.0
2016-02-09 00:00:00-05:00,1188.699951,1199.199951,1186.699951,1198.699951,700.0,0.0
2016-02-10 00:00:00-05:00,1189.800049,1197.699951,1182.099976,1194.699951,671.0,0.0
2016-02-11 00:00:00-05:00,1205.599976,1260.800049,1204.599976,1247.900024,995.0,0.0
2016-02-12 00:00:00-05:00,1247.800049,1247.800049,1233.5,1239.099976,250.0,0.0
2016-02-16 00:00:00-05:00,1233.099976,1233.599976,1193.599976,1207.900024,422.0,0.0
2016-02-17 00:00:00-05:00,1196.5,1212.900024,1196.5,1211.099976,53.0,0.0
2016-02-18 00:00:00-05:00,1209.599976,1239.199951,1201.599976,1226.099976,315.0,0.0
2016-02-19 00:00:00-05:00,1230.800049,1232.800049,1221.800049,1230.400024,76.0,0.0
2016-02-22 00:00:00-05:00,1226.099976,1226.099976,1203.0,1209.5,280.0,0.0
2016-02-23 00:00:00-05:00,1207.400024,1226.099976,1207.400024,1222.300049,351.0,0.0
2016-02-24 00:00:00-05:00,1230.0,1250.099976,1230.0,1238.699951,111.0,0.0
2016-02-25 00:00:00-05:00,1239.400024,1241.5,1235.0,1238.199951,1349.0,0.0
2016-02-26 00:00:00-05:00,1232.400024,1239.099976,1212.199951,1219.800049,656.0,0.0
2016-02-29 00:00:00-05:00,1218.599976,1241.0,1218.599976,1233.900024,580.0,0.0
2016-03-01 00:00:00-05:00,1240.5,1248.400024,1229.0,1230.300049,477.0,0.0
2016-03-02 00:00:00-05:00,1232.800049,1242.599976,1226.0,1241.099976,267.0,0.0
2016-03-03 00:00:00-05:00,1238.400024,1267.900024,1238.0,1257.400024,123.0,0.0
2016-03-04 00:00:00-05:00,1263.0,1279.900024,1250.900024,1269.900024,268.0,0.0
2016-03-07 00:00:00-05:00,1259.800049,1272.300049,1259.699951,1263.199951,67.0,0.0
2016-03-08 00:00:00-05:00,1268.699951,1276.300049,1261.0,1262.099976,43.0,0.0
2016-03-09 00:00:00-05:00,1254.5,1260.0,1244.800049,1256.599976,79.0,0.0
2016-03-10 00:00:00-05:00,1250.0,1273.0,1237.5,1272.0,119.0,0.0
2016-03-11 00:00:00-05:00,1270.0,1280.699951,1249.400024,1258.699951,87.0,0.0
2016-11-07 00:00:00-05:00,1292.0,1294.5,1278.300049,1278.300049,34.0,0.0
2016-11-08 00:00:00-05:00,1284.099976,1289.400024,1273.199951,1273.400024,50.0,0.0
2016-11-09 00:00:00-05:00,1272.199951,1318.599976,1270.0,1272.599976,108.0,0.0
2016-11-10 00:00:00-05:00,1274.400024,1287.5,1253.300049,1265.5,63.0,0.0
2016-11-14 00:00:00-05:00,1227.800049,1229.5,1210.400024,1221.199951,216.0,0.0
2016-11-15 00:00:00-05:00,1224.300049,1226.0,1222.5,1224.0,20.0,0.0
2016-11-16 00:00:00-05:00,1229.300049,1229.300049,1223.0,1223.400024,66.0,0.0
2016-11-17 00:00:00-05:00,1224.599976,1225.0,1211.0,1216.5,1139.0,0.0
2016-11-18 00:00:00-05:00,1211.900024,1211.900024,1207.199951,1208.5,607.0,0.0
2016-11-21 00:00:00-05:00,1209.599976,1209.599976,1209.599976,1209.599976,19.0,0.0
2016-11-22 00:00:00-05:00,1210.400024,1211.099976,1207.599976,1211.0,19.0,0.0
2016-11-23 00:00:00-05:00,1212.800049,1213.800049,1186.800049,1189.099976,309.0,0.0
2016-11-25 00:00:00-05:00,1177.0,1189.300049,1177.0,1178.199951,14.0,0.0
2016-11-28 00:00:00-05:00,1188.0,1190.599976,1188.0,1190.599976,85824.8,0.0
2016-11-29 00:00:00-05:00,1193.199951,1194.800049,1179.400024,1187.900024,42124.0,0.0
2016-11-30 00:00:00-05:00,1187.099976,1193.300049,1167.900024,1170.800049,7158.0,0.0
2016-12-01 00:00:00-05:00,1172.699951,1174.599976,1160.0,1166.900024,1588.0,0.0
2016-12-02 00:00:00-05:00,1172.300049,1177.300049,1166.400024,1175.099976,1521.0,0.0
2016-12-05 00:00:00-05:00,1181.800049,1186.699951,1157.0,1174.0,358.0,0.0
2016-12-06 00:00:00-05:00,1170.900024,1174.5,1167.099976,1167.599976,652.0,0.0
2016-12-07 00:00:00-05:00,1167.699951,1178.5,1166.400024,1175.0,182.0,0.0
2016-12-08 00:00:00-05:00,1173.800049,1177.800049,1169.099976,1169.800049,322.0,0.0
2016-12-09 00:00:00-05:00,1166.599976,1168.800049,1156.0,1159.400024,365.0,0.0
2016-12-12 00:00:00-05:00,1158.300049,1163.900024,1153.0,1163.5,331.0,0.0
2016-12-13 00:00:00-05:00,1163.5,1164.0,1155.400024,1156.699951,637.0,0.0
2016-12-14 00:00:00-05:00,1159.800049,1164.0,1142.0,1161.300049,487.0,0.0
2016-12-15 00:00:00-05:00,1139.800049,1143.300049,1123.900024,1127.800049,244.0,0.0
2016-12-16 00:00:00-05:00,1126.900024,1140.900024,1126.900024,1135.300049,146.0,0.0
2016-12-19 00:00:00-05:00,1139.400024,1140.699951,1137.900024,1140.5,249.0,0.0
2016-12-20 00:00:00-05:00,1133.5,1133.5,1126.5,1131.5,46.0,0.0
2016-12-21 00:00:00-05:00,1136.099976,1136.099976,1130.0,1131.099976,50.0,0.0
2016-12-22 00:00:00-05:00,1131.199951,1132.800049,1128.300049,1128.800049,104.0,0.0
2016-12-23 00:00:00-05:00,1130.900024,1132.800049,1130.300049,1131.900024,70.0,0.0
2016-12-27 00:00:00-05:00,1134.300049,1142.199951,1134.300049,1137.300049,84.0,0.0
2016-12-28 00:00:00-05:00,1141.199951,1141.199951,1138.0,1139.400024,1570.0,0.0
2016-12-29 00:00:00-05:00,1143.800049,1158.800049,1143.599976,1156.400024,950.0,0.0
2016-12-30 00:00:00-05:00,1162.0,1162.0,1150.0,1150.0,16.0,0.0
2017-01-03 00:00:00-05:00,1155.199951,1160.800049,1146.5,1160.400024,52.0,0.0
2017-01-04 00:00:00-05:00,1156.300049,1165.0,1156.300049,1163.800049,36.0,0.0
2017-01-05 00:00:00-05:00,1172.0,1183.300049,1171.5,1179.699951,500.0,0.0
2017-01-06 00:00:00-05:00,1176.5,1176.5,1171.900024,1171.900024,16.0,0.0
2017-01-09 00:00:00-05:00,1173.900024,1183.599976,1173.0,1183.5,62.0,0.0
2017-01-10 00:00:00-05:00,1184.300049,1188.900024,1182.300049,1184.199951,8.0,0.0
2017-01-11 00:00:00-05:00,1187.5,1197.0,1176.5,1195.599976,20.0,0.0
2017-01-12 00:00:00-05:00,1192.699951,1204.300049,1192.300049,1198.900024,110.0,0.0
2017-01-13 00:00:00-05:00,1195.699951,1196.0,1187.699951,1195.300049,65.0,0.0
2017-01-17 00:00:00-05:00,1205.5,1214.599976,1200.800049,1212.0,79.0,0.0
2017-01-18 00:00:00-05:00,1213.599976,1214.699951,1203.099976,1211.300049,114.0,0.0
2017-01-19 00:00:00-05:00,1200.5,1204.0,1195.800049,1200.900024,26.0,0.0
2017-01-20 00:00:00-05:00,1202.800049,1212.099976,1202.800049,1204.300049,38.0,0.0
2017-01-23 00:00:00-05:00,1212.0,1215.0,1210.0,1215.0,16.0,0.0
2017-01-24 00:00:00-05:00,1219.0,1219.0,1207.699951,1210.300049,24.0,0.0
2017-01-25 00:00:00-05:00,1202.0,1202.800049,1194.900024,1197.300049,403.0,0.0
2017-01-26 00:00:00-05:00,1199.699951,1199.699951,1185.599976,1189.5,19.0,0.0
2017-01-27 00:00:00-05:00,1187.900024,1188.300049,1187.900024,1188.099976,103925.8,0.0
2017-01-30 00:00:00-05:00,1191.699951,1198.5,1187.099976,1193.199951,50503.0,0.0
2017-01-31 00:00:00-05:00,1194.900024,1214.699951,1193.5,1208.599976,3212.0,0.0
2017-02-01 00:00:00-05:00,1211.900024,1211.900024,1197.900024,1205.599976,1145.0,0.0
2017-02-02 00:00:00-05:00,1209.699951,1224.199951,1208.900024,1216.699951,1512.0,0.0
2017-02-03 00:00:00-05:00,1214.900024,1220.599976,1206.199951,1218.5,865.0,0.0
2017-02-06 00:00:00-05:00,1221.900024,1235.400024,1218.5,1230.0,908.0,0.0
2017-02-07 00:00:00-05:00,1234.199951,1236.199951,1228.5,1234.199951,1177.0,0.0
2017-02-08 00:00:00-05:00,1232.099976,1243.900024,1231.0,1237.599976,288.0,0.0
2017-02-09 00:00:00-05:00,1239.400024,1243.5,1226.900024,1235.099976,885.0,0.0
2017-02-10 00:00:00-05:00,1227.599976,1234.400024,1221.5,1234.400024,391.0,0.0
2017-02-13 00:00:00-05:00,1230.5,1231.099976,1219.0,1224.400024,398.0,0.0
2017-02-14 00:00:00-05:00,1225.900024,1233.5,1222.099976,1223.900024,159.0,0.0
2017-02-15 00:00:00-05:00,1225.5,1231.699951,1217.300049,1231.699951,175.0,0.0
2017-02-16 00:00:00-05:00,1234.5,1240.699951,1233.199951,1240.0,87.0,0.0
2017-02-17 00:00:00-05:00,1240.699951,1241.199951,1234.800049,1237.599976,301.0,0.0
2017-02-21 00:00:00-05:00,1237.300049,1237.5,1228.099976,1237.5,119.0,0.0
2017-02-22 00:00:00-05:00,1236.099976,1238.599976,1231.800049,1232.0,36.0,0.0
2017-02-23 00:00:00-05:00,1236.099976,1250.300049,1236.099976,1250.199951,112.0,0.0
2017-02-24 00:00:00-05:00,1250.0,1258.800049,1250.0,1256.900024,1264.0,0.0
2017-02-27 00:00:00-05:00,1254.699951,1263.099976,1250.400024,1257.400024,544.0,0.0
2017-02-28 00:00:00-05:00,1253.599976,1257.300049,1247.199951,1252.599976,721.0,0.0
2017-03-01 00:00:00-05:00,1247.800049,1248.900024,1236.900024,1248.900024,138.0,0.0
2017-03-02 00:00:00-05:00,1247.199951,1247.599976,1230.699951,1231.900024,79.0,0.0
2017-03-03 00:00:00-05:00,1231.699951,1235.199951,1222.900024,1225.5,121.0,0.0
2017-03-06 00:00:00-05:00,1235.199951,1235.199951,1224.5,1224.5,29.0,0.0
2017-03-07 00:00:00-05:00,1224.300049,1225.400024,1213.699951,1215.099976,53.0,0.0
2017-03-08 00:00:00-05:00,1212.199951,1212.199951,1206.699951,1208.5,24.0,0.0
2017-03-09 00:00:00-05:00,1204.5,1205.599976,1202.300049,1202.400024,37.0,0.0
2017-03-10 00:00:00-05:00,1196.199951,1203.300049,1196.199951,1200.699951,3.0,0.0
2017-11-06 00:00:00-05:00,1269.0,1280.5,1269.0,1279.400024,128.0,0.0
2017-11-07 00:00:00-05:00,1276.800049,1276.800049,1270.400024,1273.699951,11.0,0.0
2017-11-08 00:00:00-05:00,1275.900024,1284.900024,1274.699951,1281.599976,15.0,0.0
2017-11-09 00:00:00-05:00,1279.699951,1286.900024,1279.699951,1285.599976,18.0,0.0
2017-11-10 00:00:00-05:00,1283.5,1283.5,1272.400024,1272.400024,10.0,0.0
2017-11-13 00:00:00-05:00,1277.300049,1277.300049,1277.0,1277.300049,3.0,0.0
2017-11-14 00:00:00-05:00,1276.900024,1281.5,1276.900024,1281.5,4.0,0.0
2017-11-15 00:00:00-05:00,1281.400024,1284.699951,1275.900024,1276.5,13.0,0.0
2017-11-16 00:00:00-05:00,1277.5,1277.5,1277.400024,1277.400024,43.0,0.0
2017-11-17 00:00:00-05:00,1288.300049,1295.800049,1288.300049,1295.800049,1.0,0.0
2017-11-20 00:00:00-05:00,1274.599976,1275.900024,1274.599976,1274.599976,1.0,0.0
2017-11-21 00:00:00-05:00,1281.099976,1281.099976,1281.099976,1281.099976,4.0,0.0
2017-11-22 00:00:00-05:00,1284.699951,1291.599976,1282.900024,1291.599976,4.0,0.0
2017-11-24 00:00:00-05:00,1286.699951,1286.699951,1286.699951,1286.699951,0.0,0.0
2017-11-27 00:00:00-05:00,1293.800049,1293.800049,1293.800049,1293.800049,1.0,0.0
2017-11-28 00:00:00-05:00,1294.699951,1294.699951,1294.699951,1294.699951,65147.333333333336,0.0
2017-11-29 00:00:00-05:00,1293.400024,1296.199951,1281.099976,1282.099976,47244.0,0.0
2017-11-30 00:00:00-05:00,1283.099976,1284.5,1269.699951,1273.199951,3049.0,0.0
2017-12-01 00:00:00-05:00,1274.099976,1288.599976,1271.0,1278.800049,823.0,0.0
2017-12-04 00:00:00-05:00,1272.5,1276.099976,1270.300049,1274.300049,850.0,0.0
2017-12-05 00:00:00-05:00,1275.400024,1275.800049,1260.0,1261.599976,1499.0,0.0
2017-12-06 00:00:00-05:00,1264.900024,1267.800049,1261.599976,1262.800049,373.0,0.0
2017-12-07 00:00:00-05:00,1262.300049,1262.400024,1243.900024,1249.800049,358.0,0.0
2017-12-08 00:00:00-05:00,1246.300049,1249.300049,1241.5,1245.199951,157.0,0.0
2017-12-11 00:00:00-05:00,1248.400024,1249.199951,1239.900024,1243.699951,146.0,0.0
2017-12-12 00:00:00-05:00,1241.300049,1244.400024,1236.5,1238.5,692.0,0.0
2017-12-13 00:00:00-05:00,1241.900024,1254.5,1239.800049,1245.400024,349.0,0.0
2017-12-14 00:00:00-05:00,1252.900024,1257.699951,1250.300049,1253.800049,139.0,0.0
2017-12-15 00:00:00-05:00,1253.099976,1260.300049,1253.099976,1254.300049,578.0,0.0
2017-12-18 00:00:00-05:00,1256.199951,1262.400024,1255.699951,1262.199951,45.0,0.0
2017-12-19 00:00:00-05:00,1261.099976,1264.300049,1259.5,1260.699951,329.0,0.0
2017-12-20 00:00:00-05:00,1261.300049,1266.599976,1261.300049,1266.099976,63.0,0.0
2017-12-21 00:00:00-05:00,1266.400024,1267.400024,1264.300049,1267.300049,226.0,0.0
2017-12-22 00:00:00-05:00,1266.300049,1276.300049,1266.300049,1275.400024,119.0,0.0
2017-12-26 00:00:00-05:00,1282.400024,1284.099976,1281.800049,1284.099976,84.0,0.0
2017-12-27 00:00:00-05:00,1284.0,1287.0,1284.0,1287.0,456.0,0.0
2017-12-28 00:00:00-05:00,1288.199951,1294.099976,1288.199951,1294.099976,245.0,0.0
2017-12-29 00:00:00-05:00,1294.199951,1306.300049,1294.0,1306.300049,65.0,0.0
2018-01-02 00:00:00-05:00,1302.300049,1317.599976,1302.300049,1313.699951,68.0,0.0
2018-01-03 00:00:00-05:00,1320.0,1320.099976,1312.099976,1316.199951,42.0,0.0
2018-01-04 00:00:00-05:00,1319.400024,1322.0,1319.400024,1319.400024,2.0,0.0
2018-01-05 00:00:00-05:00,1320.300049,1320.300049,1320.300049,1320.300049,1.0,0.0
2018-01-08 00:00:00-05:00,1319.900024,1319.900024,1314.599976,1318.599976,41.0,0.0
2018-01-09 00:00:00-05:00,1309.599976,1311.699951,1309.599976,1311.699951,16.0,0.0
2018-01-10 00:00:00-05:00,1320.300049,1320.699951,1315.300049,1317.400024,70.0,0.0
2018-01-11 00:00:00-05:00,1317.099976,1320.599976,1316.300049,1320.599976,9.0,0.0
2018-01-12 00:00:00-05:00,1327.800049,1338.199951,1327.800049,1333.400024,14.0,0.0
2018-01-16 00:00:00-05:00,1331.099976,1335.400024,1331.0,1335.400024,13.0,0.0
2018-01-17 00:00:00-05:00,1334.400024,1338.0,1326.800049,1338.0,27.0,0.0
2018-01-18 00:00:00-05:00,1328.900024,1328.900024,1326.0,1326.0,211.0,0.0
2018-01-19 00:00:00-05:00,1330.099976,1333.0,1330.099976,1331.900024,50.0,0.0
2018-01-22 00:00:00-05:00,1328.400024,1330.900024,1328.400024,1330.900024,162.0,0.0
2018-01-23 00:00:00-05:00,1335.800049,1335.900024,1335.699951,1335.699951,47.0,0.0
2018-01-24 00:00:00-05:00,1355.900024,1357.199951,1355.900024,1355.900024,18.0,0.0
2018-01-25 00:00:00-05:00,1356.300049,1362.400024,1346.699951,1362.400024,4.0,0.0
2018-01-26 00:00:00-05:00,1351.599976,1352.0,1350.900024,1351.599976,134065.1,0.0
2018-01-30 00:00:00-05:00,1338.699951,1347.800049,1332.800049,1335.400024,52100.0,0.0
2018-01-31 00:00:00-05:00,1337.5,1346.900024,1331.800049,1339.0,4881.0,0.0
2018-02-01 00:00:00-05:00,1343.800049,1350.599976,1336.800049,1344.300049,1680.0,0.0
2018-02-02 00:00:00-05:00,1348.5,1352.099976,1327.699951,1333.699951,2841.0,0.0
2018-02-05 00:00:00-05:00,1331.099976,1340.199951,1329.0,1333.0,641.0,0.0
2018-02-06 00:00:00-05:00,1338.199951,1343.699951,1319.5,1326.099976,529.0,0.0
2018-02-07 00:00:00-05:00,1325.400024,1331.099976,1310.5,1311.599976,491.0,0.0
2018-02-08 00:00:00-05:00,1317.099976,1321.099976,1307.0,1316.900024,459.0,0.0
2018-02-09 00:00:00-05:00,1320.900024,1322.0,1311.900024,1313.099976,451.0,0.0
2018-02-12 00:00:00-05:00,1323.800049,1325.5,1318.0,1324.199951,140.0,0.0
2018-02-13 00:00:00-05:00,1324.5,1329.599976,1323.400024,1328.099976,71.0,0.0
2018-02-14 00:00:00-05:00,1332.800049,1355.5,1324.0,1355.5,400.0,0.0
2018-02-15 00:00:00-05:00,1352.0,1355.900024,1349.699951,1352.099976,111.0,0.0
2018-02-16 00:00:00-05:00,1354.0,1361.400024,1344.900024,1353.199951,110.0,0.0
2018-02-20 00:00:00-05:00,1348.400024,1350.199951,1328.5,1328.800049,283.0,0.0
2018-02-21 00:00:00-05:00,1326.800049,1331.5,1324.400024,1330.0,119.0,0.0
2018-02-22 00:00:00-05:00,1322.0,1331.400024,1322.0,1330.599976,70.0,0.0
2018-02-23 00:00:00-05:00,1328.0,1332.099976,1327.699951,1328.199951,427.0,0.0
2018-02-26 00:00:00-05:00,1335.0,1340.5,1330.699951,1330.699951,652.0,0.0
2018-02-27 00:00:00-05:00,1331.699951,1332.599976,1312.699951,1315.5,710.0,0.0
2018-02-28 00:00:00-05:00,1315.400024,1321.0,1315.400024,1315.5,58.0,0.0
2018-03-01 00:00:00-05:00,1310.400024,1318.099976,1301.800049,1302.900024,43.0,0.0
2018-03-02 00:00:00-05:00,1314.300049,1323.199951,1314.300049,1321.099976,155.0,0.0
2018-03-05 00:00:00-05:00,1323.5,1325.900024,1318.099976,1318.099976,18.0,0.0
2018-03-06 00:00:00-05:00,1321.599976,1333.599976,1321.400024,1333.599976,18.0,0.0
2018-03-07 00:00:00-05:00,1338.099976,1338.099976,1326.0,1326.0,27.0,0.0
2018-03-08 00:00:00-05:00,1324.800049,1326.800049,1319.300049,1319.900024,62.0,0.0
2018-03-09 00:00:00-05:00,1316.800049,1322.400024,1313.0,1322.400024,88.0,0.0
2018-11-05 00:00:00-05:00,1230.599976,1231.5,1226.699951,1229.800049,15.0,0.0
2018-11-06 00:00:00-05:00,1230.699951,1233.800049,1223.800049,1223.800049,4.0,0.0
2018-11-07 00:00:00-05:00,1228.599976,1228.599976,1226.199951,1226.199951,1.0,0.0
2018-11-08 00:00:00-05:00,1222.900024,1222.900024,1222.900024,1222.900024,2.0,0.0
2018-11-09 00:00:00-05:00,1207.900024,1207.900024,1206.400024,1206.400024,14.0,0.0
2018-11-12 00:00:00-05:00,1201.599976,1201.599976,1201.300049,1201.300049,1.0,0.0
2018-11-13 00:00:00-05:00,1196.300049,1201.300049,1196.300049,1199.199951,5.0,0.0
2018-11-14 00:00:00-05:00,1207.900024,1207.900024,1207.900024,1207.900024,0.0,0.0
2018-11-15 00:00:00-05:00,1212.800049,1212.800049,1212.800049,1212.800049,0.0,0.0
2018-11-16 00:00:00-05:00,1216.699951,1223.800049,1216.699951,1220.800049,5.0,0.0
2018-11-19 00:00:00-05:00,1223.099976,1223.099976,1223.099976,1223.099976,0.0,0.0
2018-11-20 00:00:00-05:00,1225.300049,1228.800049,1219.0,1219.0,12.0,0.0
2018-11-21 00:00:00-05:00,1225.800049,1225.800049,1225.800049,1225.800049,0.0,0.0
2018-11-23 00:00:00-05:00,1224.800049,1224.800049,1221.0,1221.0,1.0,0.0
2018-11-26 00:00:00-05:00,1220.199951,1222.0,1220.199951,1220.199951,2.0,0.0
2018-11-27 00:00:00-05:00,1221.900024,1222.0,1211.199951,1211.199951,5.0,0.0
2018-11-28 00:00:00-05:00,1211.5,1221.400024,1211.5,1221.400024,60942.6,0.0
2018-11-29 00:00:00-05:00,1221.0,1228.699951,1220.5,1224.099976,61266.93333333333,0.0
2018-11-30 00:00:00-05:00,1224.099976,1225.0,1216.099976,1220.199951,2060.0,0.0
2018-12-03 00:00:00-05:00,1222.5,1234.099976,1221.300049,1233.900024,751.0,0.0
2018-12-04 00:00:00-05:00,1231.0,1241.400024,1230.400024,1241.099976,474.0,0.0
2018-12-06 00:00:00-05:00,1237.5,1244.400024,1234.800049,1238.099976,434.0,0.0
2018-12-07 00:00:00-05:00,1238.300049,1249.800049,1237.599976,1246.800049,211.0,0.0
2018-12-10 00:00:00-05:00,1249.599976,1249.599976,1241.699951,1243.699951,131.0,0.0
2018-12-11 00:00:00-05:00,1245.800049,1248.699951,1241.5,1241.900024,117.0,0.0
2018-12-12 00:00:00-05:00,1245.300049,1245.599976,1244.099976,1244.400024,84.0,0.0
2018-12-13 00:00:00-05:00,1243.5,1243.5,1241.0,1242.699951,194.0,0.0
2018-12-14 00:00:00-05:00,1241.699951,1241.699951,1234.099976,1237.0,33.0,0.0
2018-12-17 00:00:00-05:00,1239.300049,1247.400024,1239.300049,1247.400024,10.0,0.0
2018-12-18 00:00:00-05:00,1248.199951,1249.199951,1245.599976,1249.199951,31.0,0.0
2018-12-19 00:00:00-05:00,1255.800049,1255.800049,1252.099976,1252.099976,268.0,0.0
2018-12-20 00:00:00-05:00,1243.199951,1263.599976,1243.199951,1263.599976,49.0,0.0
2018-12-21 00:00:00-05:00,1260.300049,1261.300049,1253.800049,1253.800049,96.0,0.0
2018-12-24 00:00:00-05:00,1260.300049,1268.5,1260.300049,1267.5,27.0,0.0
2018-12-26 00:00:00-05:00,1269.300049,1277.400024,1269.199951,1269.199951,63.0,0.0
2018-12-27 00:00:00-05:00,1276.699951,1277.300049,1276.699951,1277.300049,480.0,0.0
2018-12-28 00:00:00-05:00,1273.5,1280.099976,1273.5,1279.900024,805.0,0.0
2018-12-31 00:00:00-05:00,1278.0,1281.300049,1277.599976,1278.300049,19.0,0.0
2019-01-02 00:00:00-05:00,1286.0,1286.0,1277.599976,1281.0,149.0,0.0
2019-01-03 00:00:00-05:00,1286.800049,1292.0,1286.699951,1291.800049,10.0,0.0
2019-01-04 00:00:00-05:00,1294.199951,1294.199951,1275.300049,1282.699951,34.0,0.0
2019-01-07 00:00:00-05:00,1286.800049,1286.800049,1286.599976,1286.800049,2.0,0.0
2019-01-08 00:00:00-05:00,1280.5,1283.199951,1278.199951,1283.199951,54.0,0.0
2019-01-09 00:00:00-05:00,1279.400024,1289.300049,1279.199951,1289.300049,102.0,0.0
2019-01-10 00:00:00-05:00,1284.699951,1284.699951,1284.699951,1284.699951,0.0,0.0
2019-01-11 00:00:00-05:00,1291.199951,1291.199951,1286.300049,1287.099976,11.0,0.0
2019-01-14 00:00:00-05:00,1292.400024,1293.900024,1289.099976,1289.099976,7.0,0.0
2019-01-15 00:00:00-05:00,1290.099976,1292.699951,1286.199951,1286.199951,3.0,0.0
2019-01-16 00:00:00-05:00,1291.599976,1291.599976,1291.599976,1291.599976,2.0,0.0
2019-01-17 00:00:00-05:00,1291.599976,1292.699951,1288.5,1291.0,10.0,0.0
2019-01-18 00:00:00-05:00,1281.300049,1281.300049,1281.300049,1281.300049,3.0,0.0
2019-01-22 00:00:00-05:00,1282.5,1283.300049,1282.5,1282.5,7.0,0.0
2019-01-23 00:00:00-05:00,1281.699951,1283.900024,1278.699951,1283.099976,14.0,0.0
2019-01-24 00:00:00-05:00,1279.099976,1279.099976,1278.5,1279.099976,1.0,0.0
2019-01-25 00:00:00-05:00,1297.400024,1297.400024,1297.400024,1297.400024,0.0,0.0
2019-01-28 00:00:00-05:00,1300.800049,1307.099976,1298.400024,1302.400024,54.0,0.0
2019-01-29 00:00:00-05:00,1308.199951,1308.199951,1308.199951,1308.199951,54125.0,0.0
2019-01-30 00:00:00-05:00,1310.400024,1323.400024,1308.099976,1309.900024,54293.4,0.0
2019-01-31 00:00:00-05:00,1320.0,1325.400024,1316.699951,1319.699951,1970.0,0.0
2019-02-01 00:00:00-05:00,1320.300049,1320.699951,1315.400024,1316.900024,878.0,0.0
2019-02-04 00:00:00-05:00,1318.099976,1318.099976,1308.300049,1314.300049,675.0,0.0
2019-02-05 00:00:00-05:00,1311.099976,1315.099976,1311.0,1314.199951,362.0,0.0
2019-02-06 00:00:00-05:00,1312.5,1313.5,1305.0,1309.5,358.0,0.0
2019-02-07 00:00:00-05:00,1302.900024,1310.400024,1302.199951,1309.400024,203.0,0.0
2019-02-08 00:00:00-05:00,1309.5,1314.0,1307.800049,1313.699951,122.0,0.0
2019-02-11 00:00:00-05:00,1313.400024,1313.400024,1304.699951,1307.0,119.0,0.0
2019-02-12 00:00:00-05:00,1310.0,1312.0,1307.599976,1309.199951,109.0,0.0
2019-02-13 00:00:00-05:00,1311.599976,1316.0,1308.099976,1310.800049,143.0,0.0
2019-02-14 00:00:00-05:00,1305.0,1311.800049,1301.599976,1309.800049,858.0,0.0
2019-02-15 00:00:00-05:00,1313.599976,1318.800049,1313.599976,1318.099976,190.0,0.0
2019-02-19 00:00:00-05:00,1320.900024,1340.099976,1320.5,1340.099976,390.0,0.0
2019-02-20 00:00:00-05:00,1342.199951,1344.0,1338.0,1343.300049,581.0,0.0
2019-02-21 00:00:00-05:00,1331.300049,1334.900024,1320.900024,1323.5,414.0,0.0
2019-02-22 00:00:00-05:00,1324.199951,1331.300049,1321.0,1329.199951,718.0,0.0
2019-02-25 00:00:00-05:00,1329.199951,1331.599976,1325.599976,1325.900024,185.0,0.0
2019-02-26 00:00:00-05:00,1323.300049,1325.5,1323.300049,1325.099976,939.0,0.0
2019-02-27 00:00:00-05:00,1327.699951,1327.900024,1316.5,1317.699951,604.0,0.0
2019-02-28 00:00:00-05:00,1321.099976,1323.699951,1311.5,1312.800049,141.0,0.0
2019-03-01 00:00:00-05:00,1312.199951,1312.199951,1288.900024,1296.400024,110.0,0.0
2019-03-04 00:00:00-05:00,1285.5,1287.0,1281.900024,1284.800049,28.0,0.0
2019-03-05 00:00:00-05:00,1287.0,1287.0,1282.0,1282.0,114.0,0.0
2019-03-06 00:00:00-05:00,1287.099976,1287.099976,1282.599976,1284.900024,14.0,0.0
2019-03-07 00:00:00-05:00,1281.0,1284.599976,1281.0,1283.800049,11.0,0.0
2019-03-08 00:00:00-05:00,1292.099976,1297.400024,1291.599976,1297.0,10.0,0.0
2019-11-04 00:00:00-05:00,1511.599976,1511.599976,1508.0,1508.0,101.0,0.0
2019-11-05 00:00:00-05:00,1507.099976,1507.099976,1480.800049,1480.800049,31.0,0.0
2019-11-06 00:00:00-05:00,1483.199951,1491.0,1483.199951,1490.199951,567.0,0.0
2019-11-07 00:00:00-05:00,1489.099976,1489.099976,1464.199951,1464.199951,581.0,0.0
2019-11-08 00:00:00-05:00,1469.099976,1469.099976,1461.300049,1461.300049,21.0,0.0
2019-11-11 00:00:00-05:00,1461.0,1461.0,1449.300049,1455.5,22.0,0.0
2019-11-12 00:00:00-05:00,1454.900024,1454.900024,1447.099976,1452.099976,6.0,0.0
2019-11-13 00:00:00-05:00,1456.800049,1463.300049,1456.800049,1461.699951,56.0,0.0
2019-11-14 00:00:00-05:00,1463.800049,1471.800049,1463.699951,1471.800049,83.0,0.0
2019-11-15 00:00:00-05:00,1469.099976,1469.099976,1467.300049,1467.300049,13.0,0.0
2019-11-18 00:00:00-05:00,1472.0,1472.0,1469.699951,1470.900024,141.0,0.0
2019-11-19 00:00:00-05:00,1467.699951,1474.300049,1467.699951,1473.300049,18.0,0.0
2019-11-20 00:00:00-05:00,1472.599976,1474.5,1467.300049,1473.300049,31.0,0.0
2019-11-21 00:00:00-05:00,1463.099976,1463.099976,1463.099976,1463.099976,16.0,0.0
2019-11-22 00:00:00-05:00,1468.599976,1468.599976,1463.099976,1463.099976,19.0,0.0
2019-11-25 00:00:00-05:00,1457.099976,1457.099976,1455.5,1456.599976,14.0,0.0
2019-11-26 00:00:00-05:00,1459.800049,1459.800049,1459.800049,1459.800049,96489.53333333334,0.0
2019-11-27 00:00:00-05:00,1461.099976,1461.900024,1452.0,1453.400024,97890.4,0.0
2019-11-29 00:00:00-05:00,1453.599976,1465.599976,1452.099976,1465.599976,7020.0,0.0
2019-12-02 00:00:00-05:00,1462.800049,1464.400024,1453.300049,1462.300049,2172.0,0.0
2019-12-03 00:00:00-05:00,1461.599976,1480.400024,1459.5,1478.199951,1460.0,0.0
2019-12-04 00:00:00-05:00,1477.5,1483.400024,1471.199951,1474.0,613.0,0.0
2019-12-05 00:00:00-05:00,1474.699951,1478.0,1472.300049,1476.900024,907.0,0.0
2019-12-06 00:00:00-05:00,1475.0,1476.0,1458.199951,1459.099976,899.0,0.0
2019-12-09 00:00:00-05:00,1458.800049,1464.199951,1458.599976,1459.300049,1461.0,0.0
2019-12-10 00:00:00-05:00,1460.699951,1467.199951,1460.699951,1462.599976,367.0,0.0
2019-12-11 00:00:00-05:00,1463.099976,1475.400024,1463.099976,1469.400024,393.0,0.0
2019-12-12 00:00:00-05:00,1475.099976,1483.900024,1463.699951,1466.699951,955.0,0.0
2019-12-13 00:00:00-05:00,1463.099976,1475.900024,1463.099976,1475.599976,468.0,0.0
2019-12-16 00:00:00-05:00,1473.800049,1475.300049,1473.800049,1475.0,99.0,0.0
2019-12-17 00:00:00-05:00,1474.099976,1476.900024,1474.0,1474.599976,410.0,0.0
2019-12-18 00:00:00-05:00,1472.599976,1472.599976,1472.599976,1472.599976,250.0,0.0
2019-12-19 00:00:00-05:00,1475.900024,1478.900024,1473.300049,1478.199951,319.0,0.0
2019-12-20 00:00:00-05:00,1476.699951,1478.099976,1474.699951,1474.699951,118.0,0.0
2019-12-23 00:00:00-05:00,1482.300049,1482.5,1479.900024,1482.5,391.0,0.0
2019-12-24 00:00:00-05:00,1488.699951,1499.099976,1488.699951,1499.099976,52.0,0.0
2019-12-26 00:00:00-05:00,1505.199951,1512.300049,1505.0,1509.300049,126.0,0.0
2019-12-27 00:00:00-05:00,1513.800049,1513.800049,1513.800049,1513.800049,839.0,0.0
2019-12-30 00:00:00-05:00,1512.599976,1515.099976,1510.0,1514.5,446.0,0.0
2019-12-31 00:00:00-05:00,1513.800049,1523.400024,1513.800049,1519.5,301.0,0.0
2020-01-02 00:00:00-05:00,1518.099976,1528.699951,1518.0,1524.5,214.0,0.0
2020-01-03 00:00:00-05:00,1530.099976,1552.699951,1530.099976,1549.199951,107.0,0.0
2020-01-06 00:00:00-05:00,1580.0,1580.0,1560.400024,1566.199951,416.0,0.0
2020-01-07 00:00:00-05:00,1558.300049,1576.300049,1558.300049,1571.800049,47.0,0.0
2020-01-08 00:00:00-05:00,1579.699951,1604.199951,1552.300049,1557.400024,236.0,0.0
2020-01-09 00:00:00-05:00,1555.699951,1555.699951,1543.300049,1551.699951,54.0,0.0
2020-01-10 00:00:00-05:00,1551.199951,1558.800049,1545.400024,1557.5,16.0,0.0
2020-01-13 00:00:00-05:00,1557.400024,1558.0,1548.400024,1548.400024,48.0,0.0
2020-01-14 00:00:00-05:00,1546.699951,1546.699951,1534.900024,1542.400024,32.0,0.0
2020-01-15 00:00:00-05:00,1548.0,1553.900024,1545.599976,1552.099976,11.0,0.0
2020-01-16 00:00:00-05:00,1555.699951,1556.099976,1548.5,1549.0,98.0,0.0
2020-01-17 00:00:00-05:00,1554.099976,1558.800049,1553.599976,1558.800049,108.0,0.0
2020-01-21 00:00:00-05:00,1559.300049,1566.199951,1551.0,1556.400024,45.0,0.0
2020-01-22 00:00:00-05:00,1549.800049,1557.099976,1549.800049,1555.300049,42.0,0.0
2020-01-23 00:00:00-05:00,1553.099976,1564.599976,1552.199951,1564.599976,15.0,0.0
2020-01-24 00:00:00-05:00,1556.300049,1571.099976,1556.300049,1571.099976,43.0,0.0
2020-01-27 00:00:00-05:00,1584.300049,1584.5,1576.800049,1576.800049,22.0,0.0
2020-01-28 00:00:00-05:00,1576.400024,1576.400024,1569.199951,1569.199951,3.0,0.0
2020-01-29 00:00:00-05:00,1569.800049,1569.800049,1569.800049,1569.800049,62946.0,0.0
2020-01-30 00:00:00-05:00,1576.800049,1585.0,1571.400024,1583.5,63158.4,0.0
2020-01-31 00:00:00-05:00,1573.400024,1589.0,1570.0,1582.900024,1095.0,0.0
2020-02-03 00:00:00-05:00,1592.900024,1593.300049,1568.199951,1577.199951,1062.0,0.0
2020-02-04 00:00:00-05:00,1577.699951,1577.699951,1547.800049,1550.400024,978.0,0.0
2020-02-05 00:00:00-05:00,1553.199951,1560.699951,1547.699951,1557.800049,1305.0,0.0
2020-02-06 00:00:00-05:00,1553.599976,1565.599976,1551.599976,1565.099976,110.0,0.0
2020-02-07 00:00:00-05:00,1564.900024,1571.900024,1560.5,1568.599976,431.0,0.0
2020-02-10 00:00:00-05:00,1569.300049,1574.699951,1568.599976,1574.699951,128.0,0.0
2020-02-11 00:00:00-05:00,1570.900024,1571.099976,1561.900024,1565.599976,440.0,0.0
2020-02-12 00:00:00-05:00,1565.199951,1568.699951,1561.0,1567.400024,36.0,0.0
2020-02-13 00:00:00-05:00,1570.199951,1575.099976,1570.199951,1575.099976,74.0,0.0
2020-02-14 00:00:00-05:00,1575.800049,1582.699951,1574.800049,1582.699951,68.0,0.0
2020-02-18 00:00:00-05:00,1579.800049,1604.300049,1579.800049,1600.0,310.0,0.0
2020-02-19 00:00:00-05:00,1600.599976,1610.5,1599.699951,1607.5,542.0,0.0
2020-02-20 00:00:00-05:00,1606.5,1621.0,1603.0,1616.599976,117.0,0.0
2020-02-21 00:00:00-05:00,1619.300049,1645.0,1619.300049,1644.599976,186.0,0.0
2020-02-24 00:00:00-05:00,1657.0,1686.599976,1650.0,1672.400024,435.0,0.0
2020-02-25 00:00:00-05:00,1645.099976,1653.699951,1632.300049,1646.900024,409.0,0.0
2020-02-26 00:00:00-05:00,1644.0,1648.099976,1636.400024,1640.0,1990.0,0.0
2020-02-27 00:00:00-05:00,1641.099976,1658.0,1638.5,1640.0,707.0,0.0
2020-02-28 00:00:00-05:00,1640.300049,1642.5,1564.099976,1564.099976,289.0,0.0
2020-03-02 00:00:00-05:00,1583.900024,1608.300049,1574.300049,1592.300049,537.0,0.0
2020-03-03 00:00:00-05:00,1594.5,1645.300049,1594.0,1642.099976,610.0,0.0
2020-03-04 00:00:00-05:00,1645.400024,1645.900024,1631.300049,1641.099976,83.0,0.0
2020-03-05 00:00:00-05:00,1637.300049,1672.900024,1637.199951,1666.400024,154.0,0.0
2020-03-06 00:00:00-05:00,1670.800049,1686.199951,1647.199951,1670.800049,175.0,0.0
2020-11-02 00:00:00-05:00,1872.900024,1894.699951,1872.900024,1890.400024,190.0,0.0
2020-11-03 00:00:00-05:00,1891.5,1908.5,1891.5,1908.5,712.0,0.0
2020-11-04 00:00:00-05:00,1893.800049,1907.0,1885.300049,1894.599976,782.0,0.0
2020-11-05 00:00:00-05:00,1901.699951,1948.0,1901.699951,1945.300049,135.0,0.0
2020-11-06 00:00:00-05:00,1940.800049,1958.800049,1940.800049,1950.300049,304.0,0.0
2020-11-09 00:00:00-05:00,1955.599976,1963.199951,1847.099976,1853.199951,745.0,0.0
2020-11-10 00:00:00-05:00,1879.300049,1885.300049,1871.199951,1875.400024,276.0,0.0
2020-11-11 00:00:00-05:00,1878.800049,1878.800049,1855.5,1860.699951,222.0,0.0
2020-11-12 00:00:00-05:00,1869.0,1878.5,1866.599976,1872.599976,220.0,0.0
2020-11-13 00:00:00-05:00,1877.0,1890.099976,1876.800049,1885.699951,240.0,0.0
2020-11-16 00:00:00-05:00,1874.599976,1887.300049,1871.0,1887.300049,6.0,0.0
2020-11-17 00:00:00-05:00,1888.400024,1888.400024,1884.5,1884.5,59.0,0.0
2020-11-18 00:00:00-05:00,1873.5,1873.5,1873.5,1873.5,152.0,0.0
2020-11-19 00:00:00-05:00,1865.800049,1865.800049,1856.0,1861.099976,59.0,0.0
2020-11-20 00:00:00-05:00,1871.199951,1872.599976,1871.199951,1872.599976,1900.0,0.0
2020-11-23 00:00:00-05:00,1834.800049,1837.800049,1829.199951,1837.800049,843.0,0.0
2020-11-24 00:00:00-05:00,1829.300049,1829.300049,1799.300049,1804.800049,1041.0,0.0
2020-11-25 00:00:00-05:00,1801.400024,1805.699951,1801.400024,1805.699951,83644.2,0.0
2020-11-27 00:00:00-05:00,1806.099976,1817.0,1770.699951,1781.900024,98257.2,0.0
2020-11-30 00:00:00-05:00,1785.0,1787.199951,1762.300049,1775.699951,3145.0,0.0
2020-12-01 00:00:00-05:00,1775.0,1815.900024,1774.900024,1814.099976,1859.0,0.0
2020-12-02 00:00:00-05:00,1811.300049,1830.0,1807.800049,1825.699951,771.0,0.0
2020-12-03 00:00:00-05:00,1829.199951,1842.0,1825.300049,1836.800049,1765.0,0.0
2020-12-04 00:00:00-05:00,1840.699951,1847.599976,1828.199951,1835.900024,1213.0,0.0
2020-12-07 00:00:00-05:00,1836.5,1866.900024,1820.800049,1861.800049,1427.0,0.0
2020-12-08 00:00:00-05:00,1863.0,1875.800049,1861.800049,1870.800049,121.0,0.0
2020-12-09 00:00:00-05:00,1867.099976,1867.099976,1827.0,1834.599976,215.0,0.0
2020-12-10 00:00:00-05:00,1833.199951,1849.099976,1828.0,1833.599976,177.0,0.0
2020-12-11 00:00:00-05:00,1838.5,1846.0,1829.099976,1839.800049,109.0,0.0
2020-12-14 00:00:00-05:00,1835.5,1835.699951,1822.699951,1828.699951,258.0,0.0
2020-12-15 00:00:00-05:00,1833.5,1853.599976,1833.199951,1852.300049,961.0,0.0
2020-12-16 00:00:00-05:00,1856.5,1864.699951,1850.5,1856.099976,1090.0,0.0
2020-12-17 00:00:00-05:00,1874.199951,1896.199951,1874.199951,1887.199951,414.0,0.0
2020-12-18 00:00:00-05:00,1882.400024,1889.5,1882.300049,1885.699951,276.0,0.0
2020-12-21 00:00:00-05:00,1884.800049,1908.0,1869.099976,1879.199951,136.0,0.0
2020-12-22 00:00:00-05:00,1882.199951,1882.199951,1861.0,1866.599976,233.0,0.0
2020-12-23 00:00:00-05:00,1867.0,1878.800049,1864.5,1874.699951,82.0,0.0
2020-12-24 00:00:00-05:00,1877.300049,1879.900024,1875.699951,1879.900024,46.0,0.0
2020-12-28 00:00:00-05:00,1895.5,1895.800049,1873.699951,1877.199951,75.0,0.0
2020-12-29 00:00:00-05:00,1881.300049,1881.300049,1879.699951,1879.699951,343.0,0.0
2020-12-30 00:00:00-05:00,1879.900024,1895.800049,1877.300049,1891.0,444.0,0.0
2020-12-31 00:00:00-05:00,1897.0,1901.300049,1892.699951,1893.099976,127.0,0.0
2021-01-04 00:00:00-05:00,1912.199951,1945.099976,1912.199951,1944.699951,154.0,0.0
2021-01-05 00:00:00-05:00,1941.699951,1952.699951,1941.300049,1952.699951,113.0,0.0
2021-01-06 00:00:00-05:00,1952.0,1959.900024,1901.5,1906.900024,331.0,0.0
2021-01-07 00:00:00-05:00,1922.599976,1926.699951,1912.0,1912.300049,122.0,0.0
2021-01-08 00:00:00-05:00,1908.0,1908.0,1834.099976,1834.099976,60.0,0.0
2021-01-11 00:00:00-05:00,1826.5,1849.599976,1826.5,1849.599976,20.0,0.0
2021-01-12 00:00:00-05:00,1849.0,1859.699951,1839.400024,1842.900024,176.0,0.0
2021-01-13 00:00:00-05:00,1858.0,1858.599976,1853.599976,1853.599976,189.0,0.0
2021-01-14 00:00:00-05:00,1836.699951,1850.699951,1836.699951,1850.300049,149.0,0.0
2021-01-15 00:00:00-05:00,1829.400024,1829.400024,1825.0,1829.300049,31.0,0.0
2021-01-19 00:00:00-05:00,1802.0,1842.900024,1802.0,1839.5,13.0,0.0
2021-01-20 00:00:00-05:00,1847.800049,1866.599976,1844.400024,1865.900024,16.0,0.0
2021-01-21 00:00:00-05:00,1865.300049,1868.0,1865.300049,1865.300049,6.0,0.0
2021-01-22 00:00:00-05:00,1854.900024,1855.699951,1852.699951,1855.699951,8.0,0.0
2021-01-25 00:00:00-05:00,1864.699951,1864.699951,1851.800049,1854.900024,26.0,0.0
2021-01-26 00:00:00-05:00,1855.800049,1855.800049,1850.699951,1850.699951,59.0,0.0
2021-01-27 00:00:00-05:00,1844.900024,1844.900024,1844.900024,1844.900024,44908.4,0.0
2021-01-28 00:00:00-05:00,1843.400024,1862.900024,1831.5,1837.900024,27283.0,0.0
2021-01-29 00:00:00-05:00,1842.0,1876.0,1838.699951,1847.300049,1634.0,0.0
2021-02-01 00:00:00-05:00,1866.599976,1871.900024,1850.0,1860.800049,1494.0,0.0
2021-02-02 00:00:00-05:00,1859.599976,1861.300049,1827.599976,1830.5,1293.0,0.0
2021-02-03 00:00:00-05:00,1834.800049,1842.400024,1829.800049,1832.199951,1195.0,0.0
2021-02-04 00:00:00-05:00,1832.199951,1832.199951,1782.800049,1788.900024,2375.0,0.0
2021-02-05 00:00:00-05:00,1794.300049,1813.5,1790.900024,1810.900024,1278.0,0.0
2021-02-08 00:00:00-05:00,1816.300049,1836.699951,1809.0,1831.900024,254.0,0.0
2021-02-09 00:00:00-05:00,1841.900024,1843.300049,1830.699951,1835.300049,184.0,0.0
2021-02-10 00:00:00-05:00,1842.599976,1851.099976,1837.0,1840.599976,543.0,0.0
2021-02-11 00:00:00-05:00,1840.5,1845.0,1820.900024,1824.900024,602.0,0.0
2021-02-12 00:00:00-05:00,1825.0,1827.5,1809.199951,1821.599976,259.0,0.0
2021-02-16 00:00:00-05:00,1820.900024,1823.400024,1787.300049,1797.199951,1141.0,0.0
2021-02-17 00:00:00-05:00,1785.800049,1789.699951,1768.800049,1771.099976,614.0,0.0
2021-02-18 00:00:00-05:00,1776.099976,1784.599976,1766.0,1773.400024,587.0,0.0
2021-02-19 00:00:00-05:00,1764.300049,1787.599976,1764.300049,1775.800049,118.0,0.0
2021-02-22 00:00:00-05:00,1784.0,1807.800049,1784.0,1806.699951,165.0,0.0
2021-02-23 00:00:00-05:00,1809.599976,1811.300049,1796.400024,1804.400024,569.0,0.0
2021-02-24 00:00:00-05:00,1805.800049,1805.800049,1796.400024,1796.400024,1500.0,0.0
2021-02-25 00:00:00-05:00,1801.5,1802.0,1766.699951,1774.400024,1049.0,0.0
2021-02-26 00:00:00-05:00,1768.099976,1768.199951,1718.800049,1728.099976,1593.0,0.0
2021-03-01 00:00:00-05:00,1737.099976,1747.0,1720.300049,1722.5,407.0,0.0
2021-03-02 00:00:00-05:00,1709.400024,1733.099976,1708.699951,1733.099976,867.0,0.0
2021-03-03 00:00:00-05:00,1730.0,1732.400024,1703.5,1715.300049,501.0,0.0
2021-03-04 00:00:00-05:00,1706.5,1717.400024,1700.199951,1700.199951,521.0,0.0
2021-03-05 00:00:00-05:00,1690.599976,1701.0,1685.0,1698.0,302.0,0.0
2021-03-08 00:00:00-05:00,1704.699951,1705.400024,1673.699951,1677.699951,1290.0,0.0
2021-03-09 00:00:00-05:00,1686.199951,1717.5,1685.199951,1716.599976,335.0,0.0
2021-03-10 00:00:00-05:00,1713.599976,1722.900024,1711.0,1721.5,412.0,0.0
2021-03-11 00:00:00-05:00,1725.599976,1737.5,1720.199951,1722.300049,18.0,0.0
2021-03-12 00:00:00-05:00,1715.900024,1722.5,1699.0,1719.5,80.0,0.0
2021-11-08 00:00:00-05:00,1817.0,1827.400024,1816.900024,1827.400024,261.0,0.0
2021-11-09 00:00:00-05:00,1826.099976,1832.699951,1820.699951,1830.199951,170.0,0.0
2021-11-10 00:00:00-05:00,1825.800049,1865.0,1824.900024,1847.599976,795.0,0.0
2021-11-11 00:00:00-05:00,1853.900024,1866.5,1853.900024,1863.199951,292.0,0.0
2021-11-12 00:00:00-05:00,1860.800049,1867.900024,1847.599976,1867.900024,210.0,0.0
2021-11-15 00:00:00-05:00,1864.5,1866.900024,1864.5,1866.099976,87.0,0.0
2021-11-16 00:00:00-05:00,1853.599976,1853.599976,1853.599976,1853.599976,1.0,0.0
2021-11-17 00:00:00-05:00,1862.599976,1869.699951,1862.599976,1869.699951,2.0,0.0
2021-11-18 00:00:00-05:00,1861.0,1861.0,1861.0,1861.0,9.0,0.0
2021-11-19 00:00:00-05:00,1851.199951,1851.199951,1851.199951,1851.199951,21.0,0.0
2021-11-22 00:00:00-05:00,1841.599976,1841.599976,1805.699951,1806.0,14.0,0.0
2021-11-23 00:00:00-05:00,1795.5,1795.5,1783.5,1783.5,264.0,0.0
2021-11-24 00:00:00-05:00,1793.0,1793.0,1781.400024,1784.099976,188.0,0.0
2021-11-26 00:00:00-05:00,1791.099976,1791.400024,1785.300049,1785.300049,98841.6,0.0
2021-11-29 00:00:00-05:00,1791.699951,1798.900024,1779.099976,1782.300049,26926.0,0.0
2021-11-30 00:00:00-05:00,1783.900024,1808.099976,1768.699951,1773.599976,4903.0,0.0
2021-12-01 00:00:00-05:00,1774.800049,1790.5,1772.300049,1781.599976,1128.0,0.0
2021-12-02 00:00:00-05:00,1780.900024,1780.900024,1760.599976,1760.699951,1557.0,0.0
2021-12-03 00:00:00-05:00,1767.5,1785.099976,1766.5,1782.0,694.0,0.0
2021-12-06 00:00:00-05:00,1780.199951,1783.0,1777.199951,1777.5,381.0,0.0
2021-12-07 00:00:00-05:00,1779.5,1786.099976,1772.300049,1782.599976,308.0,0.0
2021-12-08 00:00:00-05:00,1789.900024,1789.900024,1779.0,1783.400024,1383.0,0.0
2021-12-09 00:00:00-05:00,1783.5,1783.5,1771.800049,1774.599976,455.0,0.0
2021-12-10 00:00:00-05:00,1773.800049,1785.400024,1769.099976,1782.900024,545.0,0.0
2021-12-13 00:00:00-05:00,1784.400024,1787.099976,1783.800049,1786.300049,206.0,0.0
2021-12-14 00:00:00-05:00,1787.0,1787.0,1769.0,1770.400024,322.0,0.0
2021-12-15 00:00:00-05:00,1767.400024,1778.699951,1753.900024,1762.599976,283.0,0.0
2021-12-16 00:00:00-05:00,1781.0,1798.099976,1781.0,1796.599976,21.0,0.0
2021-12-17 00:00:00-05:00,1804.0,1812.900024,1803.800049,1803.800049,654.0,0.0
2021-12-20 00:00:00-05:00,1796.800049,1799.800049,1792.0,1793.699951,226.0,0.0
2021-12-21 00:00:00-05:00,1791.400024,1796.5,1787.900024,1787.900024,575.0,0.0
2021-12-22 00:00:00-05:00,1786.0,1805.199951,1785.5,1801.599976,567.0,0.0
2021-12-23 00:00:00-05:00,1806.0,1811.199951,1800.800049,1811.199951,193.0,0.0
2021-12-27 00:00:00-05:00,1810.0,1812.099976,1807.0,1808.099976,150.0,0.0
2021-12-28 00:00:00-05:00,1812.0,1818.0,1805.5,1810.199951,146.0,0.0
2021-12-29 00:00:00-05:00,1803.199951,1805.099976,1791.400024,1805.099976,623.0,0.0
2021-12-30 00:00:00-05:00,1801.699951,1816.0,1796.0,1812.699951,306.0,0.0
2021-12-31 00:00:00-05:00,1825.099976,1827.800049,1821.400024,1827.5,80.0,0.0
2022-01-03 00:00:00-05:00,1830.099976,1830.099976,1798.800049,1799.400024,116.0,0.0
2022-01-04 00:00:00-05:00,1800.5,1815.300049,1800.0,1814.0,38.0,0.0
2022-01-05 00:00:00-05:00,1813.099976,1824.599976,1813.099976,1824.599976,8.0,0.0
2022-01-06 00:00:00-05:00,1787.099976,1791.300049,1787.099976,1788.699951,30.0,0.0
2022-01-07 00:00:00-05:00,1791.800049,1797.0,1784.400024,1797.0,17.0,0.0
2022-01-10 00:00:00-05:00,1794.900024,1798.699951,1790.400024,1798.400024,534.0,0.0
2022-01-11 00:00:00-05:00,1803.900024,1822.5,1803.0,1818.599976,743.0,0.0
2022-01-12 00:00:00-05:00,1819.0,1827.199951,1816.900024,1827.199951,1547.0,0.0
2022-01-13 00:00:00-05:00,1819.800049,1823.0,1815.400024,1821.199951,40.0,0.0
2022-01-14 00:00:00-05:00,1821.5,1822.0,1816.5,1816.5,816.0,0.0
2022-01-18 00:00:00-05:00,1816.800049,1820.099976,1812.300049,1812.300049,900.0,0.0
2022-01-19 00:00:00-05:00,1817.400024,1843.099976,1817.400024,1843.099976,4.0,0.0
2022-01-20 00:00:00-05:00,1840.599976,1843.0,1838.199951,1842.5,20.0,0.0
2022-01-21 00:00:00-05:00,1838.0,1842.400024,1828.900024,1831.800049,19.0,0.0
2022-01-24 00:00:00-05:00,1837.900024,1842.099976,1837.900024,1841.699951,8.0,0.0
2022-01-25 00:00:00-05:00,1843.0,1852.699951,1842.0,1852.699951,11.0,0.0
2022-01-26 00:00:00-05:00,1829.900024,1829.900024,1829.900024,1829.900024,55.0,0.0
2022-01-27 00:00:00-05:00,1793.300049,1793.300049,1793.300049,1793.300049,48843.066666666666,0.0
2022-01-28 00:00:00-05:00,1797.5,1798.400024,1778.800049,1784.900024,28521.0,0.0
2022-01-31 00:00:00-05:00,1788.5,1798.5,1785.099976,1795.0,1735.0,0.0
2022-02-01 00:00:00-05:00,1797.199951,1806.099976,1797.099976,1800.300049,223.0,0.0
2022-02-02 00:00:00-05:00,1797.800049,1810.099976,1795.099976,1809.199951,1690.0,0.0
2022-02-03 00:00:00-05:00,1805.800049,1808.099976,1787.900024,1803.0,466.0,0.0
2022-02-04 00:00:00-05:00,1806.0,1813.699951,1792.5,1806.599976,571.0,0.0
2022-02-07 00:00:00-05:00,1812.199951,1821.300049,1809.099976,1820.599976,601.0,0.0
2022-02-08 00:00:00-05:00,1818.900024,1827.599976,1815.0,1826.599976,108.0,0.0
2022-02-09 00:00:00-05:00,1825.400024,1835.199951,1825.300049,1835.199951,683.0,0.0
2022-02-10 00:00:00-05:00,1833.300049,1842.099976,1820.800049,1836.199951,365.0,0.0
2022-02-11 00:00:00-05:00,1822.0,1864.800049,1822.0,1840.800049,181.0,0.0
2022-02-14 00:00:00-05:00,1861.800049,1870.599976,1854.599976,1868.0,79.0,0.0
2022-02-15 00:00:00-05:00,1872.599976,1879.699951,1847.400024,1854.800049,86.0,0.0
2022-02-16 00:00:00-05:00,1858.699951,1870.199951,1856.300049,1870.199951,34.0,0.0
2022-02-17 00:00:00-05:00,1876.300049,1900.699951,1876.199951,1900.699951,393.0,0.0
2022-02-18 00:00:00-05:00,1899.400024,1899.400024,1890.699951,1898.599976,51.0,0.0
2022-02-22 00:00:00-05:00,1908.099976,1912.0,1890.800049,1906.099976,173.0,0.0
2022-02-23 00:00:00-05:00,1896.599976,1910.599976,1895.699951,1909.199951,73.0,0.0
2022-02-24 00:00:00-05:00,1911.900024,1972.5,1911.699951,1925.099976,2706.0,0.0
2022-02-25 00:00:00-05:00,1906.900024,1920.0,1883.599976,1886.5,586.0,0.0
2022-02-28 00:00:00-05:00,1928.300049,1928.400024,1894.199951,1899.400024,390.0,0.0
2022-03-01 00:00:00-05:00,1908.300049,1942.400024,1903.800049,1942.400024,547.0,0.0
2022-03-02 00:00:00-05:00,1945.599976,1948.199951,1919.800049,1920.900024,109.0,0.0
2022-03-03 00:00:00-05:00,1930.5,1940.300049,1924.800049,1934.400024,122.0,0.0
2022-03-04 00:00:00-05:00,1937.0,1970.900024,1935.599976,1965.099976,47.0,0.0
2022-03-07 00:00:00-05:00,1989.0,2001.099976,1963.0,1993.900024,2516.0,0.0
2022-03-08 00:00:00-05:00,1999.400024,2072.0,1998.0,2040.099976,1813.0,0.0
2022-03-09 00:00:00-05:00,2053.600098,2063.0,1980.800049,1985.900024,1022.0,0.0
2022-03-10 00:00:00-05:00,1978.099976,2010.5,1978.099976,1998.099976,670.0,0.0
2022-03-11 00:00:00-05:00,1985.0,1996.0,1959.900024,1982.699951,865.0,0.0
2022-11-07 00:00:00-05:00,1676.900024,1677.900024,1672.900024,1676.5,42.0,0.0
2022-11-08 00:00:00-05:00,1703.199951,1712.099976,1703.199951,1712.099976,23.0,0.0
2022-11-09 00:00:00-05:00,1707.400024,1720.199951,1706.0,1710.099976,497.0,0.0
2022-11-10 00:00:00-05:00,1708.199951,1750.300049,1708.199951,1750.300049,325.0,0.0
2022-11-11 00:00:00-05:00,1763.800049,1766.0,1757.599976,1766.0,257.0,0.0
2022-11-14 00:00:00-05:00,1762.0,1773.599976,1761.599976,1773.599976,358.0,0.0
2022-11-15 00:00:00-05:00,1770.800049,1773.800049,1769.900024,1773.800049,57.0,0.0
2022-11-16 00:00:00-05:00,1776.599976,1778.900024,1773.0,1773.0,303.0,0.0
2022-11-17 00:00:00-05:00,1763.0,1763.0,1756.0,1760.800049,18.0,0.0
2022-11-18 00:00:00-05:00,1763.300049,1763.300049,1747.599976,1751.900024,414.0,0.0
2022-11-21 00:00:00-05:00,1739.0,1744.900024,1736.099976,1737.400024,544.0,0.0
2022-11-22 00:00:00-05:00,1741.699951,1741.699951,1738.300049,1738.300049,15.0,0.0
2022-11-23 00:00:00-05:00,1736.5,1750.900024,1736.5,1744.900024,39.0,0.0
2022-11-25 00:00:00-05:00,1753.0,1757.900024,1749.199951,1753.300049,216.0,0.0
2022-11-28 00:00:00-05:00,1741.300049,1741.300049,1740.099976,1740.099976,57701.0,0.0
2022-11-29 00:00:00-05:00,1739.5,1758.199951,1737.900024,1748.400024,19416.0,0.0
2022-11-30 00:00:00-05:00,1748.099976,1769.400024,1745.099976,1746.0,3339.0,0.0
2022-12-01 00:00:00-05:00,1768.699951,1803.699951,1768.699951,1801.099976,1053.0,0.0
2022-12-02 00:00:00-05:00,1802.0,1802.300049,1779.400024,1795.900024,1725.0,0.0
2022-12-05 00:00:00-05:00,1795.699951,1808.0,1764.300049,1767.400024,1713.0,0.0
2022-12-06 00:00:00-05:00,1768.599976,1779.400024,1767.900024,1769.300049,105.0,0.0
2022-12-07 00:00:00-05:00,1769.300049,1790.300049,1769.300049,1785.5,422.0,0.0
2022-12-08 00:00:00-05:00,1782.0,1790.900024,1782.0,1788.699951,713.0,0.0
2022-12-09 00:00:00-05:00,1794.900024,1804.300049,1791.099976,1798.099976,125.0,0.0
2022-12-12 00:00:00-05:00,1787.300049,1793.900024,1777.699951,1780.5,85.0,0.0
2022-12-13 00:00:00-05:00,1780.699951,1819.800049,1780.5,1813.900024,205.0,0.0
2022-12-14 00:00:00-05:00,1810.800049,1812.800049,1797.900024,1807.5,1074.0,0.0
2022-12-15 00:00:00-05:00,1801.0,1801.0,1774.800049,1777.199951,421.0,0.0
2022-12-16 00:00:00-05:00,1777.900024,1791.400024,1777.900024,1790.0,206.0,0.0
2022-12-19 00:00:00-05:00,1791.599976,1796.300049,1785.599976,1787.699951,79.0,0.0
2022-12-20 00:00:00-05:00,1786.5,1821.400024,1786.5,1815.900024,51.0,0.0
2022-12-21 00:00:00-05:00,1817.400024,1821.400024,1814.400024,1815.900024,35.0,0.0
2022-12-22 00:00:00-05:00,1818.099976,1818.099976,1785.0,1787.0,411.0,0.0
2022-12-23 00:00:00-05:00,1794.300049,1802.800049,1794.099976,1795.900024,49.0,0.0
2022-12-27 00:00:00-05:00,1803.400024,1826.300049,1803.400024,1814.800049,69.0,0.0
2022-12-28 00:00:00-05:00,1803.199951,1807.900024,1803.099976,1807.900024,434.0,0.0
2022-12-29 00:00:00-05:00,1805.800049,1819.5,1805.800049,1819.5,277.0,0.0
2022-12-30 00:00:00-05:00,1817.0,1822.300049,1816.800049,1819.699951,95.0,0.0
2023-01-03 00:00:00-05:00,1836.199951,1839.699951,1836.199951,1839.699951,29.0,0.0
2023-01-04 00:00:00-05:00,1845.599976,1859.099976,1845.599976,1852.800049,25.0,0.0
2023-01-05 00:00:00-05:00,1855.199951,1855.199951,1834.800049,1834.800049,24.0,0.0
2023-01-06 00:00:00-05:00,1838.400024,1868.199951,1835.300049,1864.199951,26.0,0.0
2023-01-09 00:00:00-05:00,1867.0,1880.0,1867.0,1872.699951,62.0,0.0
2023-01-10 00:00:00-05:00,1877.800049,1878.099976,1871.599976,1871.599976,101.0,0.0
2023-01-11 00:00:00-05:00,1873.099976,1877.800049,1873.099976,1874.599976,1236.0,0.0
2023-01-12 00:00:00-05:00,1877.199951,1897.400024,1877.199951,1895.5,59.0,0.0
2023-01-13 00:00:00-05:00,1899.0,1920.900024,1898.300049,1918.400024,512.0,0.0
2023-01-17 00:00:00-05:00,1920.099976,1920.099976,1905.199951,1907.199951,706.0,0.0
2023-01-18 00:00:00-05:00,1911.099976,1911.099976,1903.099976,1904.400024,1027.0,0.0
2023-01-19 00:00:00-05:00,1922.099976,1931.800049,1922.099976,1922.099976,371.0,0.0
2023-01-20 00:00:00-05:00,1922.099976,1928.5,1921.400024,1926.400024,1346.0,0.0
2023-01-23 00:00:00-05:00,1926.5,1927.099976,1915.0,1927.099976,218.0,0.0
2023-01-24 00:00:00-05:00,1931.800049,1936.800049,1931.800049,1933.900024,201.0,0.0
2023-01-25 00:00:00-05:00,1941.199951,1941.199951,1939.800049,1941.199951,7.0,0.0
2023-01-26 00:00:00-05:00,1936.599976,1937.099976,1927.099976,1929.099976,131.0,0.0
2023-01-27 00:00:00-05:00,1928.599976,1928.599976,1928.599976,1928.599976,65832.4,0.0
2023-01-30 00:00:00-05:00,1928.300049,1933.599976,1920.300049,1922.900024,27220.0,0.0
2023-01-31 00:00:00-05:00,1923.0,1930.400024,1900.599976,1929.5,1910.0,0.0
2023-02-01 00:00:00-05:00,1927.199951,1955.0,1922.0,1927.800049,2290.0,0.0
2023-02-02 00:00:00-05:00,1952.300049,1959.099976,1911.300049,1916.300049,748.0,0.0
2023-02-03 00:00:00-05:00,1912.400024,1917.0,1861.5,1862.900024,992.0,0.0
2023-02-06 00:00:00-05:00,1865.599976,1880.0,1863.400024,1866.199951,424.0,0.0
2023-02-07 00:00:00-05:00,1870.0,1875.699951,1868.0,1871.699951,297.0,0.0
2023-02-08 00:00:00-05:00,1872.099976,1880.400024,1872.099976,1877.400024,230.0,0.0
2023-02-09 00:00:00-05:00,1875.300049,1884.599976,1859.800049,1866.199951,223.0,0.0
2023-02-10 00:00:00-05:00,1861.599976,1863.5,1852.400024,1862.800049,27.0,0.0
2023-02-13 00:00:00-05:00,1859.0,1861.0,1850.0,1851.900024,569.0,0.0
2023-02-14 00:00:00-05:00,1854.099976,1862.0,1846.199951,1854.0,656.0,0.0
2023-02-15 00:00:00-05:00,1842.0,1842.0,1828.199951,1834.199951,368.0,0.0
2023-02-16 00:00:00-05:00,1838.599976,1843.699951,1827.199951,1842.0,222.0,0.0
2023-02-17 00:00:00-05:00,1827.400024,1842.199951,1818.400024,1840.400024,35.0,0.0
2023-02-21 00:00:00-05:00,1842.599976,1843.0,1833.0,1833.0,862.0,0.0
2023-02-22 00:00:00-05:00,1835.699951,1836.199951,1825.099976,1832.0,278.0,0.0
2023-02-23 00:00:00-05:00,1826.400024,1827.5,1818.0,1818.0,291.0,0.0
2023-02-24 00:00:00-05:00,1808.800049,1808.800049,1808.800049,1808.800049,404.0,0.0
2023-02-27 00:00:00-05:00,1811.599976,1817.5,1808.900024,1817.0,829.0,0.0
2023-02-28 00:00:00-05:00,1808.099976,1830.0,1808.099976,1828.900024,618.0,0.0
2023-03-01 00:00:00-05:00,1827.099976,1841.699951,1827.099976,1837.699951,211.0,0.0
2023-03-02 00:00:00-05:00,1830.0,1836.300049,1830.0,1833.5,154.0,0.0
2023-03-03 00:00:00-05:00,1837.300049,1855.400024,1837.300049,1847.699951,61.0,0.0
2023-03-06 00:00:00-05:00,1853.300049,1853.800049,1844.199951,1847.900024,5.0,0.0
2023-03-07 00:00:00-05:00,1840.900024,1840.900024,1813.900024,1813.900024,450.0,0.0
2023-03-08 00:00:00-05:00,1811.599976,1812.900024,1811.5,1812.699951,75.0,0.0
2023-03-09 00:00:00-05:00,1816.400024,1829.300049,1815.599976,1829.300049,332.0,0.0
2023-03-10 00:00:00-05:00,1852.300049,1868.5,1852.0,1862.0,248.0,0.0
2023-11-06 00:00:00-05:00,1981.599976,1981.599976,1977.400024,1981.599976,130.0,0.0
2023-11-07 00:00:00-05:00,1966.5,1966.800049,1960.699951,1966.800049,20.0,0.0
2023-11-08 00:00:00-05:00,1967.800049,1967.800049,1947.699951,1951.5,43.0,0.0
2023-11-09 00:00:00-05:00,1951.699951,1964.199951,1945.300049,1964.199951,10.0,0.0
2023-11-10 00:00:00-05:00,1959.599976,1959.599976,1932.599976,1932.599976,375.0,0.0
2023-11-13 00:00:00-05:00,1939.900024,1947.199951,1934.0,1945.5,191.0,0.0
2023-11-14 00:00:00-05:00,1965.800049,1965.800049,1961.800049,1961.800049,2.0,0.0
2023-11-15 00:00:00-05:00,1962.800049,1962.800049,1960.0,1960.099976,6.0,0.0
2023-11-16 00:00:00-05:00,1965.300049,1983.900024,1964.599976,1983.900024,39.0,0.0
2023-11-17 00:00:00-05:00,1982.5,1984.0,1979.800049,1981.599976,32.0,0.0
2023-11-20 00:00:00-05:00,1978.699951,1979.400024,1969.699951,1977.699951,182.0,0.0
2023-11-21 00:00:00-05:00,1990.699951,2005.5,1988.5,1999.300049,16.0,0.0
2023-11-22 00:00:00-05:00,1999.099976,1999.400024,1991.0,1991.400024,6075.0,0.0
2023-11-24 00:00:00-05:00,1991.900024,2002.199951,1991.5,2002.199951,63.0,0.0
2023-11-27 00:00:00-05:00,2011.699951,2011.800049,2011.699951,2011.800049,228.0,0.0
2023-11-28 00:00:00-05:00,2040.599976,2042.699951,2039.699951,2039.699951,38572.4,0.0
2023-11-29 00:00:00-05:00,2041.699951,2052.100098,2036.0,2047.099976,15290.0,0.0
2023-11-30 00:00:00-05:00,2046.099976,2047.099976,2033.099976,2038.099976,2506.0,0.0
2023-12-01 00:00:00-05:00,2038.300049,2073.199951,2036.0,2071.0,614.0,0.0
2023-12-04 00:00:00-05:00,2075.300049,2130.199951,2021.0,2024.099976,1071.0,0.0
2023-12-05 00:00:00-05:00,2035.099976,2037.0,2010.199951,2018.5,289.0,0.0
2023-12-06 00:00:00-05:00,2019.900024,2035.800049,2019.0,2030.5,417.0,0.0
2023-12-07 00:00:00-05:00,2029.199951,2034.900024,2024.0,2029.900024,67.0,0.0
2023-12-08 00:00:00-05:00,2031.699951,2033.099976,1995.0,1998.300049,449.0,0.0
2023-12-11 00:00:00-05:00,2004.099976,2004.199951,1977.199951,1978.0,651.0,0.0
2023-12-12 00:00:00-05:00,1984.199951,1994.199951,1977.800049,1977.800049,95.0,0.0
2023-12-13 00:00:00-05:00,1978.5,2024.800049,1975.0,1982.300049,2252.0,0.0
2023-12-14 00:00:00-05:00,2024.699951,2040.099976,2024.300049,2030.199951,236.0,0.0
2023-12-15 00:00:00-05:00,2032.599976,2043.400024,2018.300049,2021.099976,261.0,0.0
2023-12-18 00:00:00-05:00,2024.300049,2032.800049,2024.0,2026.300049,100.0,0.0
2023-12-19 00:00:00-05:00,2025.199951,2042.699951,2025.199951,2038.400024,498.0,0.0
2023-12-20 00:00:00-05:00,2037.099976,2037.099976,2030.300049,2034.5,258.0,0.0
2023-12-21 00:00:00-05:00,2035.800049,2044.5,2033.0,2039.099976,228.0,0.0
2023-12-22 00:00:00-05:00,2055.699951,2068.699951,2052.199951,2057.100098,202.0,0.0
2023-12-26 00:00:00-05:00,2060.0,2060.800049,2054.199951,2058.199951,64.0,0.0
2023-12-27 00:00:00-05:00,2067.300049,2081.899902,2064.800049,2081.899902,586.0,0.0
2023-12-28 00:00:00-05:00,2081.600098,2087.300049,2066.5,2073.899902,338.0,0.0
2023-12-29 00:00:00-05:00,2068.0,2068.899902,2062.100098,2062.399902,47.0,0.0
2024-01-02 00:00:00-05:00,2063.5,2073.699951,2057.100098,2064.399902,61.0,0.0
2024-01-03 00:00:00-05:00,2034.199951,2044.0,2034.199951,2034.199951,54.0,0.0
2024-01-04 00:00:00-05:00,2041.599976,2044.5,2038.0,2042.300049,88.0,0.0
2024-01-05 00:00:00-05:00,2044.5,2048.100098,2042.400024,2042.400024,12.0,0.0
2024-01-08 00:00:00-05:00,2019.099976,2033.699951,2019.099976,2026.599976,10.0,0.0
2024-01-09 00:00:00-05:00,2035.800049,2035.800049,2026.400024,2026.400024,27.0,0.0
2024-01-10 00:00:00-05:00,2029.0,2035.599976,2021.699951,2021.699951,538.0,0.0
2024-01-11 00:00:00-05:00,2025.099976,2025.099976,2014.300049,2014.300049,97.0,0.0
2024-01-12 00:00:00-05:00,2031.099976,2057.0,2031.099976,2046.699951,390.0,0.0
2024-01-16 00:00:00-05:00,2051.699951,2054.800049,2026.0,2026.0,46.0,0.0
2024-01-17 00:00:00-05:00,2026.5,2026.5,2002.599976,2002.599976,764.0,0.0
2024-01-18 00:00:00-05:00,2012.800049,2018.599976,2009.5,2018.599976,1474.0,0.0
2024-01-19 00:00:00-05:00,2023.199951,2036.0,2019.5,2026.5,50.0,0.0
2024-01-22 00:00:00-05:00,2021.300049,2021.300049,2019.800049,2019.800049,12.0,0.0
2024-01-23 00:00:00-05:00,2030.300049,2030.300049,2022.5,2023.699951,15.0,0.0
2024-01-24 00:00:00-05:00,2023.199951,2033.199951,2013.900024,2013.900024,253.0,0.0
2024-01-25 00:00:00-05:00,2012.099976,2022.400024,2012.099976,2016.900024,548.0,0.0
2024-01-26 00:00:00-05:00,2021.699951,2022.400024,2016.800049,2016.800049,49.0,0.0
2024-01-29 00:00:00-05:00,2025.199951,2025.199951,2025.199951,2025.199951,66075.8,0.0
2024-01-30 00:00:00-05:00,2032.5,2048.5,2028.099976,2031.5,26907.0,0.0
2024-01-31 00:00:00-05:00,2035.400024,2055.0,2030.0,2048.399902,2007.0,0.0
2024-02-01 00:00:00-05:00,2040.199951,2064.5,2029.0,2053.0,947.0,0.0
2024-02-02 00:00:00-05:00,2054.800049,2055.899902,2027.699951,2036.099976,888.0,0.0
2024-02-05 00:00:00-05:00,2038.900024,2040.800049,2013.800049,2025.699951,412.0,0.0
2024-02-06 00:00:00-05:00,2025.900024,2037.300049,2025.900024,2034.5,249.0,0.0
2024-02-07 00:00:00-05:00,2032.800049,2039.5,2032.699951,2035.199951,71.0,0.0
2024-02-08 00:00:00-05:00,2028.0,2036.699951,2020.300049,2032.199951,341.0,0.0
2024-02-09 00:00:00-05:00,2032.0,2032.0,2020.0,2023.300049,62.0,0.0
2024-02-12 00:00:00-05:00,2025.5,2025.5,2011.599976,2018.199951,317.0,0.0
2024-02-13 00:00:00-05:00,2025.099976,2025.800049,1990.0,1992.900024,198.0,0.0
2024-02-14 00:00:00-05:00,1990.300049,1993.5,1984.800049,1990.300049,1916.0,0.0
2024-02-15 00:00:00-05:00,1993.599976,2007.199951,1993.599976,2002.099976,286.0,0.0
2024-02-16 00:00:00-05:00,2005.0,2011.5,1996.5,2011.5,32.0,0.0
2024-02-20 00:00:00-05:00,2015.599976,2029.0,2015.599976,2027.5,1326.0,0.0
2024-02-21 00:00:00-05:00,2028.199951,2028.199951,2022.300049,2022.300049,15.0,0.0
2024-02-22 00:00:00-05:00,2033.199951,2033.199951,2019.699951,2019.699951,964.0,0.0
2024-02-23 00:00:00-05:00,2026.0,2038.599976,2014.900024,2038.599976,22.0,0.0
2024-02-26 00:00:00-05:00,2034.099976,2035.400024,2024.800049,2028.5,143.0,0.0
2024-02-27 00:00:00-05:00,2035.900024,2035.900024,2034.0,2034.0,964.0,0.0
2024-02-28 00:00:00-05:00,2029.5,2037.0,2024.800049,2033.0,581.0,0.0
2024-02-29 00:00:00-05:00,2034.300049,2049.800049,2034.300049,2045.699951,706.0,0.0
2024-03-01 00:00:00-05:00,2043.099976,2086.899902,2041.800049,2086.899902,1210.0,0.0
2024-03-04 00:00:00-05:00,2083.600098,2119.800049,2080.699951,2117.699951,805.0,0.0
2024-03-05 00:00:00-05:00,2114.899902,2133.5,2111.399902,2133.5,1287.0,0.0
2024-03-06 00:00:00-05:00,2125.5,2150.300049,2125.5,2150.300049,443.0,0.0
2024-03-07 00:00:00-05:00,2147.0,2163.0,2147.0,2158.0,152.0,0.0
2024-03-08 00:00:00-05:00,2167.300049,2194.899902,2166.300049,2178.600098,259.0,0.0
2024-11-04 00:00:00-05:00,2736.5,2737.100098,2736.100098,2736.100098,16.0,0.0
2024-11-05 00:00:00-05:00,2743.0,2743.899902,2740.300049,2740.300049,23.0,0.0
2024-11-06 00:00:00-05:00,2734.5,2734.5,2659.399902,2667.600098,427.0,0.0
2024-11-07 00:00:00-05:00,2662.5,2699.100098,2662.5,2698.399902,676.0,0.0
2024-11-08 00:00:00-05:00,2688.5,2694.600098,2682.899902,2687.5,1038.0,0.0
2024-11-11 00:00:00-05:00,2671.699951,2671.699951,2611.199951,2611.199951,20.0,0.0
2024-11-12 00:00:00-05:00,2605.5,2605.5,2592.800049,2600.0,118.0,0.0
2024-11-13 00:00:00-05:00,2611.100098,2611.800049,2580.800049,2580.800049,53.0,0.0
2024-11-14 00:00:00-05:00,2555.100098,2576.199951,2554.199951,2568.199951,27.0,0.0
2024-11-15 00:00:00-05:00,2565.699951,2565.699951,2565.699951,2565.699951,20.0,0.0
2024-11-18 00:00:00-05:00,2591.699951,2610.699951,2589.399902,2610.600098,136.0,0.0
2024-11-19 00:00:00-05:00,2621.899902,2627.699951,2619.300049,2627.100098,87.0,0.0
2024-11-20 00:00:00-05:00,2638.5,2648.199951,2638.5,2648.199951,27.0,0.0
2024-11-21 00:00:00-05:00,2659.300049,2672.100098,2655.699951,2672.100098,33.0,0.0
2024-11-22 00:00:00-05:00,2687.5,2710.5,2685.600098,2709.899902,41.0,0.0
2024-11-25 00:00:00-05:00,2689.399902,2689.399902,2616.800049,2616.800049,94.0,0.0
2024-11-26 00:00:00-05:00,2625.600098,2625.600098,2620.300049,2620.300049,54487.66666666667,0.0
2024-11-27 00:00:00-05:00,2633.5,2657.899902,2627.199951,2639.899902,55244.6,0.0
2024-11-29 00:00:00-05:00,2636.399902,2664.300049,2620.699951,2657.0,3861.0,0.0
2024-12-02 00:00:00-05:00,2649.0,2649.800049,2621.699951,2634.899902,695.0,0.0
2024-12-03 00:00:00-05:00,2639.0,2654.699951,2636.0,2644.699951,1062.0,0.0
2024-12-04 00:00:00-05:00,2639.199951,2658.300049,2637.0,2653.800049,249.0,0.0
2024-12-05 00:00:00-05:00,2652.399902,2655.0,2625.699951,2626.600098,573.0,0.0
2024-12-06 00:00:00-05:00,2620.199951,2643.100098,2617.5,2638.600098,571.0,0.0
2024-12-09 00:00:00-05:00,2632.100098,2677.100098,2630.800049,2664.899902,935.0,0.0
2024-12-10 00:00:00-05:00,2662.300049,2698.199951,2661.0,2697.600098,437.0,0.0
2024-12-11 00:00:00-05:00,2701.800049,2733.800049,2693.100098,2733.800049,3387.0,0.0
2024-12-12 00:00:00-05:00,2725.100098,2725.100098,2677.399902,2687.5,2365.0,0.0
2024-12-13 00:00:00-05:00,2688.199951,2689.300049,2647.899902,2656.0,1125.0,0.0
2024-12-16 00:00:00-05:00,2658.300049,2663.300049,2651.0,2651.399902,877.0,0.0
2024-12-17 00:00:00-05:00,2651.800049,2652.300049,2632.5,2644.399902,705.0,0.0
2024-12-18 00:00:00-05:00,2644.300049,2647.100098,2590.199951,2636.5,566.0,0.0
2024-12-19 00:00:00-05:00,2582.100098,2610.300049,2582.100098,2592.199951,238.0,0.0
2024-12-20 00:00:00-05:00,2605.300049,2631.600098,2604.899902,2628.699951,592.0,0.0
2024-12-23 00:00:00-05:00,2620.0,2627.699951,2611.100098,2612.300049,451.0,0.0
2024-12-24 00:00:00-05:00,2613.0,2620.0,2609.5,2620.0,35.0,0.0
2024-12-26 00:00:00-05:00,2628.5,2638.800049,2627.899902,2638.800049,84.0,0.0
2024-12-27 00:00:00-05:00,2617.699951,2617.699951,2616.399902,2617.199951,642.0,0.0
2024-12-30 00:00:00-05:00,2620.699951,2626.899902,2597.0,2606.100098,794.0,0.0
2024-12-31 00:00:00-05:00,2608.399902,2629.199951,2604.899902,2629.199951,401.0,0.0
2025-01-02 00:00:00-05:00,2633.0,2663.100098,2633.0,2658.899902,1728.0,0.0
2025-01-03 00:00:00-05:00,2658.699951,2658.699951,2641.800049,2645.0,591.0,0.0
2025-01-06 00:00:00-05:00,2645.5,2647.0,2617.300049,2638.399902,960.0,0.0
2025-01-07 00:00:00-05:00,2653.399902,2657.5,2653.0,2656.699951,643.0,0.0
2025-01-08 00:00:00-05:00,2655.5,2676.899902,2653.5,2664.5,999.0,0.0
2025-01-09 00:00:00-05:00,2669.699951,2686.300049,2667.899902,2683.800049,1139.0,0.0
2025-01-10 00:00:00-05:00,2686.100098,2720.100098,2683.699951,2708.5,403.0,0.0
2025-01-13 00:00:00-05:00,2711.100098,2711.199951,2673.5,2673.5,765.0,0.0
2025-01-14 00:00:00-05:00,2673.600098,2688.300049,2670.800049,2677.5,794.0,0.0
2025-01-15 00:00:00-05:00,2690.800049,2712.5,2690.800049,2712.5,930.0,0.0
2025-01-16 00:00:00-05:00,2731.699951,2749.800049,2731.699951,2746.399902,1721.0,0.0
2025-01-17 00:00:00-05:00,2736.0,2751.600098,2725.5,2744.300049,1214.0,0.0
2025-01-21 00:00:00-05:00,2746.0,2755.0,2724.800049,2755.0,1439.0,0.0
2025-01-22 00:00:00-05:00,2754.5,2768.800049,2753.5,2767.600098,2079.0,0.0
2025-01-23 00:00:00-05:00,2760.0,2765.0,2745.399902,2763.100098,2201.0,0.0
2025-01-24 00:00:00-05:00,2759.800049,2792.0,2759.800049,2777.300049,1593.0,0.0
2025-01-27 00:00:00-05:00,2761.100098,2762.199951,2737.5,2737.5,984.0,0.0
2025-01-28 00:00:00-05:00,2738.0,2766.800049,2738.0,2766.800049,2307.0,0.0
2025-01-29 00:00:00-05:00,2769.100098,2769.100098,2769.100098,2769.100098,34513.4,0.0
2025-01-30 00:00:00-05:00,2772.5,2829.5,2770.0,2823.0,40141.0,0.0
2025-01-31 00:00:00-05:00,2829.0,2838.0,2804.0,2812.5,3443.0,0.0
2025-02-03 00:00:00-05:00,2818.199951,2848.399902,2780.899902,2833.899902,2649.0,0.0
2025-02-04 00:00:00-05:00,2827.600098,2853.300049,2816.100098,2853.300049,2187.0,0.0
2025-02-05 00:00:00-05:00,2850.0,2880.5,2848.0,2871.600098,4519.0,0.0
2025-02-06 00:00:00-05:00,2865.199951,2871.699951,2836.300049,2856.0,3116.0,0.0
2025-02-07 00:00:00-05:00,2859.899902,2889.5,2857.800049,2867.300049,1822.0,0.0
2025-02-10 00:00:00-05:00,2864.199951,2916.100098,2863.800049,2914.300049,2237.0,0.0
2025-02-11 00:00:00-05:00,2925.5,2945.399902,2890.0,2912.5,2554.0,0.0
2025-02-12 00:00:00-05:00,2902.0,2912.300049,2868.600098,2909.0,2504.0,0.0
2025-02-13 00:00:00-05:00,2911.300049,2937.699951,2910.600098,2925.899902,4670.0,0.0
2025-02-14 00:00:00-05:00,2937.300049,2944.399902,2874.800049,2883.600098,1992.0,0.0
2025-02-18 00:00:00-05:00,2879.199951,2936.399902,2873.800049,2931.600098,4010.0,0.0
2025-02-19 00:00:00-05:00,2938.699951,2946.0,2917.100098,2919.399902,2630.0,0.0
2025-02-20 00:00:00-05:00,2949.100098,2955.800049,2924.199951,2940.0,656.0,0.0
2025-02-21 00:00:00-05:00,2938.800049,2940.0,2917.300049,2937.600098,570.0,0.0
2025-02-24 00:00:00-05:00,2933.100098,2957.899902,2933.100098,2947.899902,415.0,0.0
2025-02-25 00:00:00-05:00,2938.699951,2943.199951,2890.0,2904.5,1854.0,0.0
2025-02-26 00:00:00-05:00,2913.5,2917.0,2913.0,2916.800049,2050.0,0.0
2025-02-27 00:00:00-05:00,2918.5,2922.800049,2870.399902,2883.199951,3215.0,0.0
2025-02-28 00:00:00-05:00,2877.100098,2877.100098,2834.100098,2836.800049,990.0,0.0
2025-03-03 00:00:00-05:00,2872.699951,2891.800049,2863.399902,2890.199951,423.0,0.0
2025-03-04 00:00:00-05:00,2886.100098,2927.899902,2886.100098,2909.600098,885.0,0.0
2025-03-05 00:00:00-05:00,2916.699951,2922.0,2893.0,2915.300049,551.0,0.0
2025-03-06 00:00:00-05:00,2904.0,2918.600098,2903.800049,2916.600098,870.0,0.0
2025-03-07 00:00:00-05:00,2900.899902,2927.300049,2900.5,2904.699951,531.0,0.0
2025-11-03 00:00:00-05:00,3967.862845642324,4005.059565584232,3944.224691090456,3983.052394301245,0.0,0.0
2025-11-04 00:00:00-05:00,3975.207585814108,4004.3731754614105,3950.1615179634855,3980.790788300416,657.0,0.0
2025-11-05 00:00:00-05:00,3977.0199706,4001.1599608000006,3955.399951,3981.5199706,559.0,0.0
2025-11-06 00:00:00-05:00,3983.219986933333,4004.5332680666666,3965.0399575333336,3988.8332680666663,650.0,0.0
2025-11-07 00:00:00-05:00,3991.1,4020.3199218,3986.2799804,4014.159912,245.0,0.0
2025-11-10 00:00:00-05:00,4071.300049,4113.499902400001,4062.0999512,4106.8398438,189.0,0.0
2025-11-11 00:00:00-05:00,4115.600081466667,4151.866634133333,4093.399983666667,4136.846516933334,569.0,0.0
2025-11-12 00:00:00-05:00,4148.4201172,4176.5799804,4096.0799804,4139.4999024,396.0,0.0
2025-11-13 00:00:00-05:00,4167.446809866667,4187.240006333333,4091.639973866667,4133.373291066667,167.0,0.0
2025-11-14 00:00:00-05:00,4161.9401366,4185.6799802000005,4075.9999998,4126.9600098,483.0,0.0
2025-11-17 00:00:00-05:00,4092.2400389999993,4116.5999998,4038.6799803999993,4072.6400392,1552.0,0.0
2025-11-18 00:00:00-05:00,4070.213346333333,4101.659993266667,4039.1599771333335,4067.7066895333337,1375.0,0.0
2025-11-19 00:00:00-05:00,4054.0600098,4092.23999,4039.8,4068.1,486.0,0.0
2025-11-20 00:00:00-05:00,4048.3333496666655,4089.8266436,4044.193359466666,4070.7933104666654,202.0,0.0
2025-11-21 00:00:00-05:00,4051.0400392,4095.079980199999,4047.2600098,4075.899951,171.0,0.0
2025-11-24 00:00:00-05:00,4084.120068400001,4115.83999,4083.9000488000006,4112.980029,591.0,0.0
2025-11-25 00:00:00-05:00,4105.046728533333,4137.843326600001,4102.376708933333,4134.976708733334,34637.1,0.0
2025-11-26 00:00:00-05:00,4127.540039,4164.689990000001,4120.190039,4161.2700194,25088.0,0.0
2025-11-27 00:00:00-05:00,4151.793359266667,4193.636669733334,4141.0833658,4187.95,14351.5,0.0
2025-11-28 00:00:00-05:00,4163.9799804,4215.6699706,4151.2299804,4206.569922,3615.0,0.0
2025-12-01 00:00:00-05:00,4209.3200194,4242.5400392,4186.4999998,4216.5598636,913.0,0.0
2025-12-02 00:00:00-05:00,4215.166699133333,4237.573340066667,4188.506673,4213.8598636,366.0,0.0
2025-12-03 00:00:00-05:00,4215.9600586,4238.8400392,4189.4200194,4209.979882999999,1897.0,0.0
2025-12-04 00:00:00-05:00,4213.173405,4234.9000326000005,4184.073372333333,4202.9865886,616.0,0.0
2025-12-05 00:00:00-05:00,4208.0800782,4234.6200196,4187.040039,4204.8199218,533.0,0.0
2025-12-08 00:00:00-05:00,4202.9600586,4228.3,4181.3600586,4198.0800778,318.0,0.0
2025-12-09 00:00:00-05:00,4206.8467122,4237.199967400001,4186.586686266666,4214.3134112,660.0,0.0
2025-12-10 00:00:00-05:00,4221.1200194,4262.379980399999,4202.2200196,4235.180077999999,692.0,0.0
2025-12-11 00:00:00-05:00,4237.42666,4289.833365733333,4221.3133464,4258.200065066666,528.0,0.0
2025-12-12 00:00:00-05:00,4258.819921799999,4316.120019399999,4242.159960999999,4277.7600586,1531.0,0.0
2025-12-15 00:00:00-05:00,4294.3999024,4345.2400388,4284.959960800001,4313.1000976000005,854.0,0.0
2025-12-16 00:00:00-05:00,4303.1932618,4344.246712066667,4296.406673,4320.5400715333335,1796.0,0.0
2025-12-17 00:00:00-05:00,4313.6799806,4346.2999998,4310.040039,4331.9200194000005,2169.0,0.0
2025-12-18 00:00:00-05:00,4323.4400392,4354.486620933333,4322.8800782,4348.406640533333,705.0,0.0
2025-12-19 00:00:00-05:00,4342.1600588,4373.9799804,4341.600097799999,4370.8799804,1065.0,0.0
2025-12-22 00:00:00-05:00,4419.2600588000005,4452.759961,4402.220019599999,4442.8000002,449.0,0.0
2025-12-23 00:00:00-05:00,4449.1100587,4480.703271566666,4427.8399902,4465.943359666667,694.0,0.0
2025-12-24 00:00:00-05:00,4478.6900391,4508.189892699999,4455.4199706,4488.390039399999,500.0,0.0
2025-12-25 00:00:00-05:00,4497.503352833333,4518.1098471,4469.8066242,4491.6900394,381.5,0.0
2025-12-26 00:00:00-05:00,4480.5100585,4504.9698731,4456.539990200001,4473.750098,263.0,0.0
2025-12-30 00:00:00-05:00,4422.6799804,4454.8399416,4398.4400392,4415.700097999999,1837.0,0.0
